"global_step","22274719_hlg_1cubes_b16384_mb3200_lr2e-4 - _step","22274719_hlg_1cubes_b16384_mb3200_lr2e-4 - _step__MIN","22274719_hlg_1cubes_b16384_mb3200_lr2e-4 - _step__MAX","22274719_hlg_1cubes_b16384_mb3200_lr2e-4 - episodic_stats/failure_2_last","22274719_hlg_1cubes_b16384_mb3200_lr2e-4 - episodic_stats/failure_2_last__MIN","22274719_hlg_1cubes_b16384_mb3200_lr2e-4 - episodic_stats/failure_2_last__MAX","22274717_hlg_1cubes_b16384_mb3200_lr2e-4 - _step","22274717_hlg_1cubes_b16384_mb3200_lr2e-4 - _step__MIN","22274717_hlg_1cubes_b16384_mb3200_lr2e-4 - _step__MAX","22274717_hlg_1cubes_b16384_mb3200_lr2e-4 - episodic_stats/failure_2_last","22274717_hlg_1cubes_b16384_mb3200_lr2e-4 - episodic_stats/failure_2_last__MIN","22274717_hlg_1cubes_b16384_mb3200_lr2e-4 - episodic_stats/failure_2_last__MAX","22274718_hlg_1cubes_b16384_mb3200_lr2e-4 - _step","22274718_hlg_1cubes_b16384_mb3200_lr2e-4 - _step__MIN","22274718_hlg_1cubes_b16384_mb3200_lr2e-4 - _step__MAX","22274718_hlg_1cubes_b16384_mb3200_lr2e-4 - episodic_stats/failure_2_last","22274718_hlg_1cubes_b16384_mb3200_lr2e-4 - episodic_stats/failure_2_last__MIN","22274718_hlg_1cubes_b16384_mb3200_lr2e-4 - episodic_stats/failure_2_last__MAX","22274716_hlg_1cubes_b16384_mb3200_lr2e-4 - _step","22274716_hlg_1cubes_b16384_mb3200_lr2e-4 - _step__MIN","22274716_hlg_1cubes_b16384_mb3200_lr2e-4 - _step__MAX","22274716_hlg_1cubes_b16384_mb3200_lr2e-4 - episodic_stats/failure_2_last","22274716_hlg_1cubes_b16384_mb3200_lr2e-4 - episodic_stats/failure_2_last__MIN","22274716_hlg_1cubes_b16384_mb3200_lr2e-4 - episodic_stats/failure_2_last__MAX","22274715_hlg_1cubes_b16384_mb3200_lr2e-4 - _step","22274715_hlg_1cubes_b16384_mb3200_lr2e-4 - _step__MIN","22274715_hlg_1cubes_b16384_mb3200_lr2e-4 - _step__MAX","22274715_hlg_1cubes_b16384_mb3200_lr2e-4 - episodic_stats/failure_2_last","22274715_hlg_1cubes_b16384_mb3200_lr2e-4 - episodic_stats/failure_2_last__MIN","22274715_hlg_1cubes_b16384_mb3200_lr2e-4 - episodic_stats/failure_2_last__MAX","22269880_hlg_1cubes_b16384_mb3200_lr2.5e-4 - _step","22269880_hlg_1cubes_b16384_mb3200_lr2.5e-4 - _step__MIN","22269880_hlg_1cubes_b16384_mb3200_lr2.5e-4 - _step__MAX","22269880_hlg_1cubes_b16384_mb3200_lr2.5e-4 - episodic_stats/failure_2_last","22269880_hlg_1cubes_b16384_mb3200_lr2.5e-4 - episodic_stats/failure_2_last__MIN","22269880_hlg_1cubes_b16384_mb3200_lr2.5e-4 - episodic_stats/failure_2_last__MAX","22269879_hlg_1cubes_b16384_mb3200_lr2.5e-4 - _step","22269879_hlg_1cubes_b16384_mb3200_lr2.5e-4 - _step__MIN","22269879_hlg_1cubes_b16384_mb3200_lr2.5e-4 - _step__MAX","22269879_hlg_1cubes_b16384_mb3200_lr2.5e-4 - episodic_stats/failure_2_last","22269879_hlg_1cubes_b16384_mb3200_lr2.5e-4 - episodic_stats/failure_2_last__MIN","22269879_hlg_1cubes_b16384_mb3200_lr2.5e-4 - episodic_stats/failure_2_last__MAX","22269876_hlg_1cubes_b16384_mb3200_lr2.5e-4 - _step","22269876_hlg_1cubes_b16384_mb3200_lr2.5e-4 - _step__MIN","22269876_hlg_1cubes_b16384_mb3200_lr2.5e-4 - _step__MAX","22269876_hlg_1cubes_b16384_mb3200_lr2.5e-4 - episodic_stats/failure_2_last","22269876_hlg_1cubes_b16384_mb3200_lr2.5e-4 - episodic_stats/failure_2_last__MIN","22269876_hlg_1cubes_b16384_mb3200_lr2.5e-4 - episodic_stats/failure_2_last__MAX","22269878_hlg_1cubes_b16384_mb3200_lr2.5e-4 - _step","22269878_hlg_1cubes_b16384_mb3200_lr2.5e-4 - _step__MIN","22269878_hlg_1cubes_b16384_mb3200_lr2.5e-4 - _step__MAX","22269878_hlg_1cubes_b16384_mb3200_lr2.5e-4 - episodic_stats/failure_2_last","22269878_hlg_1cubes_b16384_mb3200_lr2.5e-4 - episodic_stats/failure_2_last__MIN","22269878_hlg_1cubes_b16384_mb3200_lr2.5e-4 - episodic_stats/failure_2_last__MAX","22269877_hlg_1cubes_b16384_mb3200_lr2.5e-4 - _step","22269877_hlg_1cubes_b16384_mb3200_lr2.5e-4 - _step__MIN","22269877_hlg_1cubes_b16384_mb3200_lr2.5e-4 - _step__MAX","22269877_hlg_1cubes_b16384_mb3200_lr2.5e-4 - episodic_stats/failure_2_last","22269877_hlg_1cubes_b16384_mb3200_lr2.5e-4 - episodic_stats/failure_2_last__MIN","22269877_hlg_1cubes_b16384_mb3200_lr2.5e-4 - episodic_stats/failure_2_last__MAX"
"8192000","3","3","3","0.9903564453125","0.9903564453125","0.9903564453125","3","3","3","0.990478515625","0.990478515625","0.990478515625","3","3","3","0.9913330078125","0.9913330078125","0.9913330078125","3","3","3","0.9910888671875","0.9910888671875","0.9910888671875","3","3","3","0.9903564453125","0.9903564453125","0.9903564453125","3","3","3","0.9888916015625","0.9888916015625","0.9888916015625","3","3","3","0.9906005859375","0.9906005859375","0.9906005859375","3","3","3","0.9893798828125","0.9893798828125","0.9893798828125","3","3","3","0.9910888671875","0.9910888671875","0.9910888671875","3","3","3","0.990966796875","0.990966796875","0.990966796875"
"16384000","4","4","4","0.990478515625","0.990478515625","0.990478515625","4","4","4","0.9893798828125","0.9893798828125","0.9893798828125","4","4","4","0.990966796875","0.990966796875","0.990966796875","4","4","4","0.990966796875","0.990966796875","0.990966796875","4","4","4","0.990966796875","0.990966796875","0.990966796875","4","4","4","0.989501953125","0.989501953125","0.989501953125","4","4","4","0.991455078125","0.991455078125","0.991455078125","4","4","4","0.990966796875","0.990966796875","0.990966796875","4","4","4","0.9896240234375","0.9896240234375","0.9896240234375","4","4","4","0.990234375","0.990234375","0.990234375"
"24576000","6","6","6","0.992919921875","0.992919921875","0.992919921875","6","6","6","0.9908447265625","0.9908447265625","0.9908447265625","6","6","6","0.9893798828125","0.9893798828125","0.9893798828125","6","6","6","0.990966796875","0.990966796875","0.990966796875","6","6","6","0.99072265625","0.99072265625","0.99072265625","6","6","6","0.98876953125","0.98876953125","0.98876953125","6","6","6","0.99169921875","0.99169921875","0.99169921875","6","6","6","0.9892578125","0.9892578125","0.9892578125","6","6","6","0.9915771484375","0.9915771484375","0.9915771484375","6","6","6","0.9920654296875","0.9920654296875","0.9920654296875"
"32768000","7","7","7","0.9898681640625","0.9898681640625","0.9898681640625","7","7","7","0.9910888671875","0.9910888671875","0.9910888671875","7","7","7","0.9901123046875","0.9901123046875","0.9901123046875","7","7","7","0.9881591796875","0.9881591796875","0.9881591796875","7","7","7","0.989501953125","0.989501953125","0.989501953125","7","7","7","0.9913330078125","0.9913330078125","0.9913330078125","7","7","7","0.989501953125","0.989501953125","0.989501953125","7","7","7","0.991455078125","0.991455078125","0.991455078125","7","7","7","0.9881591796875","0.9881591796875","0.9881591796875","7","7","7","0.9910888671875","0.9910888671875","0.9910888671875"
"40960000","8","8","8","0.9884033203125","0.9884033203125","0.9884033203125","8","8","8","0.989990234375","0.989990234375","0.989990234375","8","8","8","0.988037109375","0.988037109375","0.988037109375","8","8","8","0.9892578125","0.9892578125","0.9892578125","8","8","8","0.99169921875","0.99169921875","0.99169921875","8","8","8","0.9881591796875","0.9881591796875","0.9881591796875","8","8","8","0.9888916015625","0.9888916015625","0.9888916015625","8","8","8","0.9888916015625","0.9888916015625","0.9888916015625","8","8","8","0.98876953125","0.98876953125","0.98876953125","8","8","8","0.98974609375","0.98974609375","0.98974609375"
"49152000","10","10","10","0.98828125","0.98828125","0.98828125","10","10","10","0.98974609375","0.98974609375","0.98974609375","10","10","10","0.9881591796875","0.9881591796875","0.9881591796875","10","10","10","0.9893798828125","0.9893798828125","0.9893798828125","10","10","10","0.9876708984375","0.9876708984375","0.9876708984375","10","10","10","0.9908447265625","0.9908447265625","0.9908447265625","10","10","10","0.98779296875","0.98779296875","0.98779296875","10","10","10","0.98779296875","0.98779296875","0.98779296875","10","10","10","0.9874267578125","0.9874267578125","0.9874267578125","10","10","10","0.9901123046875","0.9901123046875","0.9901123046875"
"57344000","11","11","11","0.98779296875","0.98779296875","0.98779296875","11","11","11","0.9884033203125","0.9884033203125","0.9884033203125","11","11","11","0.9874267578125","0.9874267578125","0.9874267578125","11","11","11","0.98779296875","0.98779296875","0.98779296875","11","11","11","0.990478515625","0.990478515625","0.990478515625","11","11","11","0.988037109375","0.988037109375","0.988037109375","11","11","11","0.985107421875","0.985107421875","0.985107421875","11","11","11","0.98828125","0.98828125","0.98828125","11","11","11","0.9864501953125","0.9864501953125","0.9864501953125","11","11","11","0.990478515625","0.990478515625","0.990478515625"
"65536000","13","13","13","0.9864501953125","0.9864501953125","0.9864501953125","13","13","13","0.9859619140625","0.9859619140625","0.9859619140625","13","13","13","0.98681640625","0.98681640625","0.98681640625","13","13","13","0.9886474609375","0.9886474609375","0.9886474609375","13","13","13","0.984619140625","0.984619140625","0.984619140625","13","13","13","0.989013671875","0.989013671875","0.989013671875","13","13","13","0.982177734375","0.982177734375","0.982177734375","13","13","13","0.9869384765625","0.9869384765625","0.9869384765625","13","13","13","0.9892578125","0.9892578125","0.9892578125","13","13","13","0.9876708984375","0.9876708984375","0.9876708984375"
"73728000","14","14","14","0.9803466796875","0.9803466796875","0.9803466796875","14","14","14","0.98876953125","0.98876953125","0.98876953125","14","14","14","0.98828125","0.98828125","0.98828125","14","14","14","0.9871826171875","0.9871826171875","0.9871826171875","14","14","14","0.985107421875","0.985107421875","0.985107421875","14","14","14","0.989990234375","0.989990234375","0.989990234375","14","14","14","0.9769287109375","0.9769287109375","0.9769287109375","14","14","14","0.9871826171875","0.9871826171875","0.9871826171875","14","14","14","0.9879150390625","0.9879150390625","0.9879150390625","14","14","14","0.98779296875","0.98779296875","0.98779296875"
"81920000","15","15","15","0.981689453125","0.981689453125","0.981689453125","15","15","15","0.9837646484375","0.9837646484375","0.9837646484375","15","15","15","0.9854736328125","0.9854736328125","0.9854736328125","15","15","15","0.9884033203125","0.9884033203125","0.9884033203125","15","15","15","0.986328125","0.986328125","0.986328125","15","15","15","0.9876708984375","0.9876708984375","0.9876708984375","15","15","15","0.976318359375","0.976318359375","0.976318359375","15","15","15","0.987060546875","0.987060546875","0.987060546875","15","15","15","0.98583984375","0.98583984375","0.98583984375","15","15","15","0.9881591796875","0.9881591796875","0.9881591796875"
"90112000","17","17","17","0.97900390625","0.97900390625","0.97900390625","17","17","17","0.9827880859375","0.9827880859375","0.9827880859375","17","17","17","0.984130859375","0.984130859375","0.984130859375","17","17","17","0.988037109375","0.988037109375","0.988037109375","17","17","17","0.9842529296875","0.9842529296875","0.9842529296875","17","17","17","0.9886474609375","0.9886474609375","0.9886474609375","17","17","17","0.9454345703125","0.9454345703125","0.9454345703125","17","17","17","0.987548828125","0.987548828125","0.987548828125","17","17","17","0.986328125","0.986328125","0.986328125","17","17","17","0.9871826171875","0.9871826171875","0.9871826171875"
"98304000","18","18","18","0.968505859375","0.968505859375","0.968505859375","18","18","18","0.9818115234375","0.9818115234375","0.9818115234375","18","18","18","0.9818115234375","0.9818115234375","0.9818115234375","18","18","18","0.9840087890625","0.9840087890625","0.9840087890625","18","18","18","0.98681640625","0.98681640625","0.98681640625","18","18","18","0.98828125","0.98828125","0.98828125","18","18","18","0.9285888671875","0.9285888671875","0.9285888671875","18","18","18","0.9815673828125","0.9815673828125","0.9815673828125","18","18","18","0.9833984375","0.9833984375","0.9833984375","18","18","18","0.986083984375","0.986083984375","0.986083984375"
"114688000","21","21","21","0.9200439453125","0.9200439453125","0.9200439453125","21","21","21","0.968505859375","0.968505859375","0.968505859375","21","21","21","0.974853515625","0.974853515625","0.974853515625","21","21","21","0.981689453125","0.981689453125","0.981689453125","21","21","21","0.9814453125","0.9814453125","0.9814453125","21","21","21","0.9873046875","0.9873046875","0.9873046875","21","21","21","0.82275390625","0.82275390625","0.82275390625","21","21","21","0.9730224609375","0.9730224609375","0.9730224609375","21","21","21","0.97607421875","0.97607421875","0.97607421875","21","21","21","0.97607421875","0.97607421875","0.97607421875"
"122880000","22","22","22","0.8363037109375","0.8363037109375","0.8363037109375","22","22","22","0.9512939453125","0.9512939453125","0.9512939453125","22","22","22","0.966796875","0.966796875","0.966796875","22","22","22","0.980224609375","0.980224609375","0.980224609375","22","22","22","0.9732666015625","0.9732666015625","0.9732666015625","22","22","22","0.985107421875","0.985107421875","0.985107421875","22","22","22","0.6605224609375","0.6605224609375","0.6605224609375","22","22","22","0.96923828125","0.96923828125","0.96923828125","22","22","22","0.969482421875","0.969482421875","0.969482421875","22","22","22","0.9757080078125","0.9757080078125","0.9757080078125"
"131072000","24","24","24","0.7569580078125","0.7569580078125","0.7569580078125","24","24","24","0.8817138671875","0.8817138671875","0.8817138671875","24","24","24","0.931396484375","0.931396484375","0.931396484375","24","24","24","0.9677734375","0.9677734375","0.9677734375","24","24","24","0.970947265625","0.970947265625","0.970947265625","24","24","24","0.9847412109375","0.9847412109375","0.9847412109375","24","24","24","0.5562744140625","0.5562744140625","0.5562744140625","24","24","24","0.9544677734375","0.9544677734375","0.9544677734375","24","24","24","0.9576416015625","0.9576416015625","0.9576416015625","24","24","24","0.9661865234375","0.9661865234375","0.9661865234375"
"139264000","25","25","25","0.6072998046875","0.6072998046875","0.6072998046875","25","25","25","0.8363037109375","0.8363037109375","0.8363037109375","25","25","25","0.880615234375","0.880615234375","0.880615234375","25","25","25","0.9681396484375","0.9681396484375","0.9681396484375","25","25","25","0.960205078125","0.960205078125","0.960205078125","25","25","25","0.9813232421875","0.9813232421875","0.9813232421875","25","25","25","0.393798828125","0.393798828125","0.393798828125","25","25","25","0.9251708984375","0.9251708984375","0.9251708984375","25","25","25","0.9398193359375","0.9398193359375","0.9398193359375","25","25","25","0.9571533203125","0.9571533203125","0.9571533203125"
"155648000","28","28","28","0.2918701171875","0.2918701171875","0.2918701171875","28","28","28","0.5374755859375","0.5374755859375","0.5374755859375","28","28","28","0.564453125","0.564453125","0.564453125","28","28","28","0.9315185546875","0.9315185546875","0.9315185546875","28","28","28","0.90185546875","0.90185546875","0.90185546875","28","28","28","0.9798583984375","0.9798583984375","0.9798583984375","28","28","28","0.2137451171875","0.2137451171875","0.2137451171875","28","28","28","0.8223876953125","0.8223876953125","0.8223876953125","28","28","28","0.8470458984375","0.8470458984375","0.8470458984375","28","28","28","0.9117431640625","0.9117431640625","0.9117431640625"
"163840000","29","29","29","0.21533203125","0.21533203125","0.21533203125","29","29","29","0.40869140625","0.40869140625","0.40869140625","29","29","29","0.3775634765625","0.3775634765625","0.3775634765625","29","29","29","0.8927001953125","0.8927001953125","0.8927001953125","29","29","29","0.8267822265625","0.8267822265625","0.8267822265625","29","29","29","0.97314453125","0.97314453125","0.97314453125","29","29","29","0.166748046875","0.166748046875","0.166748046875","29","29","29","0.7078857421875","0.7078857421875","0.7078857421875","29","29","29","0.7452392578125","0.7452392578125","0.7452392578125","29","29","29","0.8701171875","0.8701171875","0.8701171875"
"172032000","31","31","31","0.1678466796875","0.1678466796875","0.1678466796875","31","31","31","0.2752685546875","0.2752685546875","0.2752685546875","31","31","31","0.2840576171875","0.2840576171875","0.2840576171875","31","31","31","0.8341064453125","0.8341064453125","0.8341064453125","31","31","31","0.686767578125","0.686767578125","0.686767578125","31","31","31","0.9599609375","0.9599609375","0.9599609375","31","31","31","0.1304931640625","0.1304931640625","0.1304931640625","31","31","31","0.6263427734375","0.6263427734375","0.6263427734375","31","31","31","0.589111328125","0.589111328125","0.589111328125","31","31","31","0.8170166015625","0.8170166015625","0.8170166015625"
"180224000","32","32","32","0.1475830078125","0.1475830078125","0.1475830078125","32","32","32","0.2232666015625","0.2232666015625","0.2232666015625","32","32","32","0.1920166015625","0.1920166015625","0.1920166015625","32","32","32","0.7845458984375","0.7845458984375","0.7845458984375","32","32","32","0.4788818359375","0.4788818359375","0.4788818359375","32","32","32","0.9405517578125","0.9405517578125","0.9405517578125","32","32","32","0.1195068359375","0.1195068359375","0.1195068359375","32","32","32","0.470458984375","0.470458984375","0.470458984375","32","32","32","0.4462890625","0.4462890625","0.4462890625","32","32","32","0.6878662109375","0.6878662109375","0.6878662109375"
"196608000","35","35","35","0.136474609375","0.136474609375","0.136474609375","35","35","35","0.150634765625","0.150634765625","0.150634765625","35","35","35","0.1363525390625","0.1363525390625","0.1363525390625","35","35","35","0.52783203125","0.52783203125","0.52783203125","35","35","35","0.2391357421875","0.2391357421875","0.2391357421875","35","35","35","0.8934326171875","0.8934326171875","0.8934326171875","35","35","35","0.1209716796875","0.1209716796875","0.1209716796875","35","35","35","0.2947998046875","0.2947998046875","0.2947998046875","35","35","35","0.2061767578125","0.2061767578125","0.2061767578125","35","35","35","0.5140380859375","0.5140380859375","0.5140380859375"
"204800000","36","36","36","0.140380859375","0.140380859375","0.140380859375","36","36","36","0.140625","0.140625","0.140625","36","36","36","0.1544189453125","0.1544189453125","0.1544189453125","36","36","36","0.3946533203125","0.3946533203125","0.3946533203125","36","36","36","0.1807861328125","0.1807861328125","0.1807861328125","36","36","36","0.8233642578125","0.8233642578125","0.8233642578125","36","36","36","0.126708984375","0.126708984375","0.126708984375","36","36","36","0.2154541015625","0.2154541015625","0.2154541015625","36","36","36","0.16943359375","0.16943359375","0.16943359375","36","36","36","0.372802734375","0.372802734375","0.372802734375"
"212992000","38","38","38","0.1309814453125","0.1309814453125","0.1309814453125","38","38","38","0.1390380859375","0.1390380859375","0.1390380859375","38","38","38","0.12890625","0.12890625","0.12890625","38","38","38","0.3131103515625","0.3131103515625","0.3131103515625","38","38","38","0.1717529296875","0.1717529296875","0.1717529296875","38","38","38","0.775390625","0.775390625","0.775390625","38","38","38","0.1177978515625","0.1177978515625","0.1177978515625","38","38","38","0.1990966796875","0.1990966796875","0.1990966796875","38","38","38","0.1656494140625","0.1656494140625","0.1656494140625","38","38","38","0.3341064453125","0.3341064453125","0.3341064453125"
"221184000","39","39","39","0.128173828125","0.128173828125","0.128173828125","39","39","39","0.1231689453125","0.1231689453125","0.1231689453125","39","39","39","0.1148681640625","0.1148681640625","0.1148681640625","39","39","39","0.2347412109375","0.2347412109375","0.2347412109375","39","39","39","0.133544921875","0.133544921875","0.133544921875","39","39","39","0.6199951171875","0.6199951171875","0.6199951171875","39","39","39","0.096923828125","0.096923828125","0.096923828125","39","39","39","0.1614990234375","0.1614990234375","0.1614990234375","39","39","39","0.1468505859375","0.1468505859375","0.1468505859375","39","39","39","0.2398681640625","0.2398681640625","0.2398681640625"
"229376000","40","40","40","0.115234375","0.115234375","0.115234375","40","40","40","0.122314453125","0.122314453125","0.122314453125","40","40","40","0.1107177734375","0.1107177734375","0.1107177734375","40","40","40","0.2020263671875","0.2020263671875","0.2020263671875","40","40","40","0.1336669921875","0.1336669921875","0.1336669921875","40","40","40","0.4677734375","0.4677734375","0.4677734375","40","40","40","0.1011962890625","0.1011962890625","0.1011962890625","40","40","40","0.13916015625","0.13916015625","0.13916015625","40","40","40","0.123779296875","0.123779296875","0.123779296875","40","40","40","0.2008056640625","0.2008056640625","0.2008056640625"
"237568000","42","42","42","0.1005859375","0.1005859375","0.1005859375","42","42","42","0.1260986328125","0.1260986328125","0.1260986328125","42","42","42","0.1143798828125","0.1143798828125","0.1143798828125","42","42","42","0.171142578125","0.171142578125","0.171142578125","42","42","42","0.132080078125","0.132080078125","0.132080078125","42","42","42","0.3515625","0.3515625","0.3515625","42","42","42","0.0849609375","0.0849609375","0.0849609375","42","42","42","0.13623046875","0.13623046875","0.13623046875","42","42","42","0.1075439453125","0.1075439453125","0.1075439453125","42","42","42","0.1707763671875","0.1707763671875","0.1707763671875"
"245760000","43","43","43","0.0899658203125","0.0899658203125","0.0899658203125","43","43","43","0.1134033203125","0.1134033203125","0.1134033203125","43","43","43","0.1038818359375","0.1038818359375","0.1038818359375","43","43","43","0.149169921875","0.149169921875","0.149169921875","43","43","43","0.113037109375","0.113037109375","0.113037109375","43","43","43","0.27197265625","0.27197265625","0.27197265625","43","43","43","0.0775146484375","0.0775146484375","0.0775146484375","43","43","43","0.115478515625","0.115478515625","0.115478515625","43","43","43","0.089599609375","0.089599609375","0.089599609375","43","43","43","0.1571044921875","0.1571044921875","0.1571044921875"
"253952000","45","45","45","0.0860595703125","0.0860595703125","0.0860595703125","45","45","45","0.120849609375","0.120849609375","0.120849609375","45","45","45","0.0933837890625","0.0933837890625","0.0933837890625","45","45","45","0.1328125","0.1328125","0.1328125","45","45","45","0.1246337890625","0.1246337890625","0.1246337890625","45","45","45","0.243896484375","0.243896484375","0.243896484375","45","45","45","0.086181640625","0.086181640625","0.086181640625","45","45","45","0.113525390625","0.113525390625","0.113525390625","45","45","45","0.0980224609375","0.0980224609375","0.0980224609375","45","45","45","0.150146484375","0.150146484375","0.150146484375"
"262144000","46","46","46","0.08349609375","0.08349609375","0.08349609375","46","46","46","0.1070556640625","0.1070556640625","0.1070556640625","46","46","46","0.0926513671875","0.0926513671875","0.0926513671875","46","46","46","0.1124267578125","0.1124267578125","0.1124267578125","46","46","46","0.1068115234375","0.1068115234375","0.1068115234375","46","46","46","0.240966796875","0.240966796875","0.240966796875","46","46","46","0.0706787109375","0.0706787109375","0.0706787109375","46","46","46","0.10986328125","0.10986328125","0.10986328125","46","46","46","0.076171875","0.076171875","0.076171875","46","46","46","0.129150390625","0.129150390625","0.129150390625"
"270336000","47","47","47","0.0640869140625","0.0640869140625","0.0640869140625","47","47","47","0.0880126953125","0.0880126953125","0.0880126953125","47","47","47","0.0772705078125","0.0772705078125","0.0772705078125","47","47","47","0.1026611328125","0.1026611328125","0.1026611328125","47","47","47","0.0888671875","0.0888671875","0.0888671875","47","47","47","0.1859130859375","0.1859130859375","0.1859130859375","47","47","47","0.0667724609375","0.0667724609375","0.0667724609375","47","47","47","0.0948486328125","0.0948486328125","0.0948486328125","47","47","47","0.069580078125","0.069580078125","0.069580078125","47","47","47","0.1309814453125","0.1309814453125","0.1309814453125"
"278528000","49","49","49","0.0638427734375","0.0638427734375","0.0638427734375","49","49","49","0.0845947265625","0.0845947265625","0.0845947265625","49","49","49","0.0823974609375","0.0823974609375","0.0823974609375","49","49","49","0.0946044921875","0.0946044921875","0.0946044921875","49","49","49","0.0867919921875","0.0867919921875","0.0867919921875","49","49","49","0.1761474609375","0.1761474609375","0.1761474609375","49","49","49","0.06005859375","0.06005859375","0.06005859375","49","49","49","0.093017578125","0.093017578125","0.093017578125","49","49","49","0.0697021484375","0.0697021484375","0.0697021484375","49","49","49","0.14013671875","0.14013671875","0.14013671875"
"286720000","50","50","50","0.061767578125","0.061767578125","0.061767578125","50","50","50","0.08544921875","0.08544921875","0.08544921875","50","50","50","0.074462890625","0.074462890625","0.074462890625","50","50","50","0.0999755859375","0.0999755859375","0.0999755859375","50","50","50","0.080078125","0.080078125","0.080078125","50","50","50","0.1768798828125","0.1768798828125","0.1768798828125","50","50","50","0.0582275390625","0.0582275390625","0.0582275390625","50","50","50","0.0826416015625","0.0826416015625","0.0826416015625","50","50","50","0.0634765625","0.0634765625","0.0634765625","50","50","50","0.13037109375","0.13037109375","0.13037109375"
"294912000","52","52","52","0.064208984375","0.064208984375","0.064208984375","52","52","52","0.07763671875","0.07763671875","0.07763671875","52","52","52","0.0712890625","0.0712890625","0.0712890625","52","52","52","0.0955810546875","0.0955810546875","0.0955810546875","52","52","52","0.0811767578125","0.0811767578125","0.0811767578125","52","52","52","0.1683349609375","0.1683349609375","0.1683349609375","52","52","52","0.0574951171875","0.0574951171875","0.0574951171875","52","52","52","0.085693359375","0.085693359375","0.085693359375","52","52","52","0.0733642578125","0.0733642578125","0.0733642578125","52","52","52","0.1259765625","0.1259765625","0.1259765625"
"303104000","53","53","53","0.055419921875","0.055419921875","0.055419921875","53","53","53","0.07275390625","0.07275390625","0.07275390625","53","53","53","0.060302734375","0.060302734375","0.060302734375","53","53","53","0.0888671875","0.0888671875","0.0888671875","53","53","53","0.0860595703125","0.0860595703125","0.0860595703125","53","53","53","0.1427001953125","0.1427001953125","0.1427001953125","53","53","53","0.0543212890625","0.0543212890625","0.0543212890625","53","53","53","0.077392578125","0.077392578125","0.077392578125","53","53","53","0.065185546875","0.065185546875","0.065185546875","53","53","53","0.112060546875","0.112060546875","0.112060546875"
"311296000","54","54","54","0.05029296875","0.05029296875","0.05029296875","54","54","54","0.0618896484375","0.0618896484375","0.0618896484375","54","54","54","0.055419921875","0.055419921875","0.055419921875","54","54","54","0.08251953125","0.08251953125","0.08251953125","54","54","54","0.0736083984375","0.0736083984375","0.0736083984375","54","54","54","0.132568359375","0.132568359375","0.132568359375","54","54","54","0.0562744140625","0.0562744140625","0.0562744140625","54","54","54","0.076416015625","0.076416015625","0.076416015625","54","54","54","0.0535888671875","0.0535888671875","0.0535888671875","54","54","54","0.1160888671875","0.1160888671875","0.1160888671875"
"319488000","56","56","56","0.0496826171875","0.0496826171875","0.0496826171875","56","56","56","0.0543212890625","0.0543212890625","0.0543212890625","56","56","56","0.0596923828125","0.0596923828125","0.0596923828125","56","56","56","0.0841064453125","0.0841064453125","0.0841064453125","56","56","56","0.0682373046875","0.0682373046875","0.0682373046875","56","56","56","0.1307373046875","0.1307373046875","0.1307373046875","56","56","56","0.0494384765625","0.0494384765625","0.0494384765625","56","56","56","0.06884765625","0.06884765625","0.06884765625","56","56","56","0.0548095703125","0.0548095703125","0.0548095703125","56","56","56","0.1151123046875","0.1151123046875","0.1151123046875"
"327680000","57","57","57","0.04296875","0.04296875","0.04296875","57","57","57","0.0565185546875","0.0565185546875","0.0565185546875","57","57","57","0.05029296875","0.05029296875","0.05029296875","57","57","57","0.0804443359375","0.0804443359375","0.0804443359375","57","57","57","0.0784912109375","0.0784912109375","0.0784912109375","57","57","57","0.1221923828125","0.1221923828125","0.1221923828125","57","57","57","0.0460205078125","0.0460205078125","0.0460205078125","57","57","57","0.068115234375","0.068115234375","0.068115234375","57","57","57","0.052978515625","0.052978515625","0.052978515625","57","57","57","0.1134033203125","0.1134033203125","0.1134033203125"
"344064000","60","60","60","0.0439453125","0.0439453125","0.0439453125","60","60","60","0.0557861328125","0.0557861328125","0.0557861328125","60","60","60","0.045654296875","0.045654296875","0.045654296875","60","60","60","0.0714111328125","0.0714111328125","0.0714111328125","60","60","60","0.0635986328125","0.0635986328125","0.0635986328125","60","60","60","0.1103515625","0.1103515625","0.1103515625","60","60","60","0.0443115234375","0.0443115234375","0.0443115234375","60","60","60","0.070068359375","0.070068359375","0.070068359375","60","60","60","0.05126953125","0.05126953125","0.05126953125","60","60","60","0.093017578125","0.093017578125","0.093017578125"
"352256000","61","61","61","0.0413818359375","0.0413818359375","0.0413818359375","61","61","61","0.0567626953125","0.0567626953125","0.0567626953125","61","61","61","0.046142578125","0.046142578125","0.046142578125","61","61","61","0.071533203125","0.071533203125","0.071533203125","61","61","61","0.0616455078125","0.0616455078125","0.0616455078125","61","61","61","0.111083984375","0.111083984375","0.111083984375","61","61","61","0.0384521484375","0.0384521484375","0.0384521484375","61","61","61","0.0687255859375","0.0687255859375","0.0687255859375","61","61","61","0.051513671875","0.051513671875","0.051513671875","61","61","61","0.091552734375","0.091552734375","0.091552734375"
"360448000","63","63","63","0.045654296875","0.045654296875","0.045654296875","63","63","63","0.0526123046875","0.0526123046875","0.0526123046875","63","63","63","0.048583984375","0.048583984375","0.048583984375","63","63","63","0.07080078125","0.07080078125","0.07080078125","63","63","63","0.060546875","0.060546875","0.060546875","63","63","63","0.0989990234375","0.0989990234375","0.0989990234375","63","63","63","0.046142578125","0.046142578125","0.046142578125","63","63","63","0.061767578125","0.061767578125","0.061767578125","63","63","63","0.0474853515625","0.0474853515625","0.0474853515625","63","63","63","0.0863037109375","0.0863037109375","0.0863037109375"
"368640000","64","64","64","0.0474853515625","0.0474853515625","0.0474853515625","64","64","64","0.0523681640625","0.0523681640625","0.0523681640625","64","64","64","0.048095703125","0.048095703125","0.048095703125","64","64","64","0.0684814453125","0.0684814453125","0.0684814453125","64","64","64","0.0594482421875","0.0594482421875","0.0594482421875","64","64","64","0.102294921875","0.102294921875","0.102294921875","64","64","64","0.048828125","0.048828125","0.048828125","64","64","64","0.0599365234375","0.0599365234375","0.0599365234375","64","64","64","0.0484619140625","0.0484619140625","0.0484619140625","64","64","64","0.083740234375","0.083740234375","0.083740234375"
"385024000","67","67","67","0.0374755859375","0.0374755859375","0.0374755859375","67","67","67","0.0489501953125","0.0489501953125","0.0489501953125","67","67","67","0.043701171875","0.043701171875","0.043701171875","67","67","67","0.0653076171875","0.0653076171875","0.0653076171875","67","67","67","0.051025390625","0.051025390625","0.051025390625","67","67","67","0.093505859375","0.093505859375","0.093505859375","67","67","67","0.050537109375","0.050537109375","0.050537109375","67","67","67","0.0643310546875","0.0643310546875","0.0643310546875","67","67","67","0.050048828125","0.050048828125","0.050048828125","67","67","67","0.0731201171875","0.0731201171875","0.0731201171875"
"393216000","68","68","68","0.0384521484375","0.0384521484375","0.0384521484375","68","68","68","0.04931640625","0.04931640625","0.04931640625","68","68","68","0.0460205078125","0.0460205078125","0.0460205078125","68","68","68","0.0693359375","0.0693359375","0.0693359375","68","68","68","0.048095703125","0.048095703125","0.048095703125","68","68","68","0.089111328125","0.089111328125","0.089111328125","68","68","68","0.0418701171875","0.0418701171875","0.0418701171875","68","68","68","0.057861328125","0.057861328125","0.057861328125","68","68","68","0.0469970703125","0.0469970703125","0.0469970703125","68","68","68","0.0814208984375","0.0814208984375","0.0814208984375"
"401408000","70","70","70","0.0380859375","0.0380859375","0.0380859375","70","70","70","0.0477294921875","0.0477294921875","0.0477294921875","70","70","70","0.0428466796875","0.0428466796875","0.0428466796875","70","70","70","0.0625","0.0625","0.0625","70","70","70","0.0401611328125","0.0401611328125","0.0401611328125","70","70","70","0.08984375","0.08984375","0.08984375","70","70","70","0.041748046875","0.041748046875","0.041748046875","70","70","70","0.05419921875","0.05419921875","0.05419921875","70","70","70","0.04541015625","0.04541015625","0.04541015625","70","70","70","0.0770263671875","0.0770263671875","0.0770263671875"
"409600000","71","71","71","0.046142578125","0.046142578125","0.046142578125","71","71","71","0.0428466796875","0.0428466796875","0.0428466796875","71","71","71","0.040771484375","0.040771484375","0.040771484375","71","71","71","0.0631103515625","0.0631103515625","0.0631103515625","71","71","71","0.0499267578125","0.0499267578125","0.0499267578125","71","71","71","0.0819091796875","0.0819091796875","0.0819091796875","71","71","71","0.0391845703125","0.0391845703125","0.0391845703125","71","71","71","0.0550537109375","0.0550537109375","0.0550537109375","71","71","71","0.044189453125","0.044189453125","0.044189453125","71","71","71","0.0723876953125","0.0723876953125","0.0723876953125"
"417792000","72","72","72","0.040283203125","0.040283203125","0.040283203125","72","72","72","0.0404052734375","0.0404052734375","0.0404052734375","72","72","72","0.0379638671875","0.0379638671875","0.0379638671875","72","72","72","0.064208984375","0.064208984375","0.064208984375","72","72","72","0.0435791015625","0.0435791015625","0.0435791015625","72","72","72","0.082275390625","0.082275390625","0.082275390625","72","72","72","0.0391845703125","0.0391845703125","0.0391845703125","72","72","72","0.051025390625","0.051025390625","0.051025390625","72","72","72","0.0491943359375","0.0491943359375","0.0491943359375","72","72","72","0.0771484375","0.0771484375","0.0771484375"
"425984000","73","73","73","0.0396728515625","0.0396728515625","0.0396728515625","73","73","73","0.0452880859375","0.0452880859375","0.0452880859375","73","73","73","0.03662109375","0.03662109375","0.03662109375","73","73","73","0.0692138671875","0.0692138671875","0.0692138671875","73","73","73","0.0526123046875","0.0526123046875","0.0526123046875","73","73","73","0.08349609375","0.08349609375","0.08349609375","73","73","73","0.039794921875","0.039794921875","0.039794921875","73","73","73","0.052734375","0.052734375","0.052734375","73","73","73","0.0494384765625","0.0494384765625","0.0494384765625","73","73","73","0.073974609375","0.073974609375","0.073974609375"
"434176000","74","74","74","0.0380859375","0.0380859375","0.0380859375","74","74","74","0.041259765625","0.041259765625","0.041259765625","74","74","74","0.0394287109375","0.0394287109375","0.0394287109375","74","74","74","0.0626220703125","0.0626220703125","0.0626220703125","74","74","74","0.0389404296875","0.0389404296875","0.0389404296875","74","74","74","0.0811767578125","0.0811767578125","0.0811767578125","74","74","74","0.042236328125","0.042236328125","0.042236328125","74","74","74","0.0469970703125","0.0469970703125","0.0469970703125","74","74","74","0.0489501953125","0.0489501953125","0.0489501953125","74","74","74","0.07421875","0.07421875","0.07421875"
"442368000","76","76","76","0.054443359375","0.054443359375","0.054443359375","76","76","76","0.051513671875","0.051513671875","0.051513671875","76","76","76","0.0443115234375","0.0443115234375","0.0443115234375","76","76","76","0.06982421875","0.06982421875","0.06982421875","76","76","76","0.052734375","0.052734375","0.052734375","76","76","76","0.084228515625","0.084228515625","0.084228515625","76","76","76","0.0560302734375","0.0560302734375","0.0560302734375","76","76","76","0.0584716796875","0.0584716796875","0.0584716796875","76","76","76","0.04736328125","0.04736328125","0.04736328125","76","76","76","0.0791015625","0.0791015625","0.0791015625"
"450560000","77","77","77","0.0389404296875","0.0389404296875","0.0389404296875","77","77","77","0.044921875","0.044921875","0.044921875","77","77","77","0.0404052734375","0.0404052734375","0.0404052734375","77","77","77","0.0657958984375","0.0657958984375","0.0657958984375","77","77","77","0.0438232421875","0.0438232421875","0.0438232421875","77","77","77","0.074951171875","0.074951171875","0.074951171875","77","77","77","0.0401611328125","0.0401611328125","0.0401611328125","77","77","77","0.0504150390625","0.0504150390625","0.0504150390625","77","77","77","0.04541015625","0.04541015625","0.04541015625","77","77","77","0.06884765625","0.06884765625","0.06884765625"
"458752000","78","78","78","0.035888671875","0.035888671875","0.035888671875","78","78","78","0.0445556640625","0.0445556640625","0.0445556640625","78","78","78","0.0426025390625","0.0426025390625","0.0426025390625","78","78","78","0.0599365234375","0.0599365234375","0.0599365234375","78","78","78","0.0426025390625","0.0426025390625","0.0426025390625","78","78","78","0.073486328125","0.073486328125","0.073486328125","78","78","78","0.0379638671875","0.0379638671875","0.0379638671875","78","78","78","0.0533447265625","0.0533447265625","0.0533447265625","78","78","78","0.0452880859375","0.0452880859375","0.0452880859375","78","78","78","0.069580078125","0.069580078125","0.069580078125"
"466944000","80","80","80","0.0394287109375","0.0394287109375","0.0394287109375","80","80","80","0.0406494140625","0.0406494140625","0.0406494140625","80","80","80","0.0361328125","0.0361328125","0.0361328125","80","80","80","0.0694580078125","0.0694580078125","0.0694580078125","80","80","80","0.037353515625","0.037353515625","0.037353515625","80","80","80","0.0706787109375","0.0706787109375","0.0706787109375","80","80","80","0.03662109375","0.03662109375","0.03662109375","80","80","80","0.0504150390625","0.0504150390625","0.0504150390625","80","80","80","0.040771484375","0.040771484375","0.040771484375","80","80","80","0.066162109375","0.066162109375","0.066162109375"
"475136000","81","81","81","0.0411376953125","0.0411376953125","0.0411376953125","81","81","81","0.0418701171875","0.0418701171875","0.0418701171875","81","81","81","0.04296875","0.04296875","0.04296875","81","81","81","0.0648193359375","0.0648193359375","0.0648193359375","81","81","81","0.042724609375","0.042724609375","0.042724609375","81","81","81","0.0740966796875","0.0740966796875","0.0740966796875","81","81","81","0.0362548828125","0.0362548828125","0.0362548828125","81","81","81","0.0474853515625","0.0474853515625","0.0474853515625","81","81","81","0.0474853515625","0.0474853515625","0.0474853515625","81","81","81","0.06201171875","0.06201171875","0.06201171875"
"483328000","83","83","83","0.047607421875","0.047607421875","0.047607421875","83","83","83","0.0455322265625","0.0455322265625","0.0455322265625","83","83","83","0.0498046875","0.0498046875","0.0498046875","83","83","83","0.066650390625","0.066650390625","0.066650390625","83","83","83","0.046875","0.046875","0.046875","83","83","83","0.0771484375","0.0771484375","0.0771484375","83","83","83","0.0474853515625","0.0474853515625","0.0474853515625","83","83","83","0.052001953125","0.052001953125","0.052001953125","83","83","83","0.0457763671875","0.0457763671875","0.0457763671875","83","83","83","0.0703125","0.0703125","0.0703125"
"491520000","84","84","84","0.0391845703125","0.0391845703125","0.0391845703125","84","84","84","0.0443115234375","0.0443115234375","0.0443115234375","84","84","84","0.038330078125","0.038330078125","0.038330078125","84","84","84","0.0643310546875","0.0643310546875","0.0643310546875","84","84","84","0.0347900390625","0.0347900390625","0.0347900390625","84","84","84","0.068359375","0.068359375","0.068359375","84","84","84","0.0419921875","0.0419921875","0.0419921875","84","84","84","0.047607421875","0.047607421875","0.047607421875","84","84","84","0.03955078125","0.03955078125","0.03955078125","84","84","84","0.063232421875","0.063232421875","0.063232421875"
"499712000","85","85","85","0.0374755859375","0.0374755859375","0.0374755859375","85","85","85","0.0416259765625","0.0416259765625","0.0416259765625","85","85","85","0.0369873046875","0.0369873046875","0.0369873046875","85","85","85","0.0654296875","0.0654296875","0.0654296875","85","85","85","0.034912109375","0.034912109375","0.034912109375","85","85","85","0.071533203125","0.071533203125","0.071533203125","85","85","85","0.03369140625","0.03369140625","0.03369140625","85","85","85","0.043212890625","0.043212890625","0.043212890625","85","85","85","0.0382080078125","0.0382080078125","0.0382080078125","85","85","85","0.06201171875","0.06201171875","0.06201171875"
"507904000","87","87","87","0.03955078125","0.03955078125","0.03955078125","87","87","87","0.0404052734375","0.0404052734375","0.0404052734375","87","87","87","0.0347900390625","0.0347900390625","0.0347900390625","87","87","87","0.064208984375","0.064208984375","0.064208984375","87","87","87","0.0347900390625","0.0347900390625","0.0347900390625","87","87","87","0.0579833984375","0.0579833984375","0.0579833984375","87","87","87","0.042724609375","0.042724609375","0.042724609375","87","87","87","0.0504150390625","0.0504150390625","0.0504150390625","87","87","87","0.0372314453125","0.0372314453125","0.0372314453125","87","87","87","0.0570068359375","0.0570068359375","0.0570068359375"
"516096000","88","88","88","0.04248046875","0.04248046875","0.04248046875","88","88","88","0.0394287109375","0.0394287109375","0.0394287109375","88","88","88","0.045654296875","0.045654296875","0.045654296875","88","88","88","0.0560302734375","0.0560302734375","0.0560302734375","88","88","88","0.0362548828125","0.0362548828125","0.0362548828125","88","88","88","0.06005859375","0.06005859375","0.06005859375","88","88","88","0.037841796875","0.037841796875","0.037841796875","88","88","88","0.047607421875","0.047607421875","0.047607421875","88","88","88","0.0396728515625","0.0396728515625","0.0396728515625","88","88","88","0.0557861328125","0.0557861328125","0.0557861328125"
"532480000","91","91","91","0.041015625","0.041015625","0.041015625","91","91","91","0.03564453125","0.03564453125","0.03564453125","91","91","91","0.036865234375","0.036865234375","0.036865234375","91","91","91","0.0562744140625","0.0562744140625","0.0562744140625","91","91","91","0.0360107421875","0.0360107421875","0.0360107421875","91","91","91","0.056396484375","0.056396484375","0.056396484375","91","91","91","0.03369140625","0.03369140625","0.03369140625","91","91","91","0.0360107421875","0.0360107421875","0.0360107421875","91","91","91","0.039794921875","0.039794921875","0.039794921875","91","91","91","0.0625","0.0625","0.0625"
"540672000","92","92","92","0.0360107421875","0.0360107421875","0.0360107421875","92","92","92","0.0396728515625","0.0396728515625","0.0396728515625","92","92","92","0.0380859375","0.0380859375","0.0380859375","92","92","92","0.05859375","0.05859375","0.05859375","92","92","92","0.033447265625","0.033447265625","0.033447265625","92","92","92","0.0509033203125","0.0509033203125","0.0509033203125","92","92","92","0.0391845703125","0.0391845703125","0.0391845703125","92","92","92","0.039306640625","0.039306640625","0.039306640625","92","92","92","0.0384521484375","0.0384521484375","0.0384521484375","92","92","92","0.0550537109375","0.0550537109375","0.0550537109375"
"548864000","94","94","94","0.0325927734375","0.0325927734375","0.0325927734375","94","94","94","0.0374755859375","0.0374755859375","0.0374755859375","94","94","94","0.03662109375","0.03662109375","0.03662109375","94","94","94","0.0562744140625","0.0562744140625","0.0562744140625","94","94","94","0.0357666015625","0.0357666015625","0.0357666015625","94","94","94","0.0526123046875","0.0526123046875","0.0526123046875","94","94","94","0.03173828125","0.03173828125","0.03173828125","94","94","94","0.044921875","0.044921875","0.044921875","94","94","94","0.0333251953125","0.0333251953125","0.0333251953125","94","94","94","0.0609130859375","0.0609130859375","0.0609130859375"
"557056000","95","95","95","0.035400390625","0.035400390625","0.035400390625","95","95","95","0.0350341796875","0.0350341796875","0.0350341796875","95","95","95","0.039306640625","0.039306640625","0.039306640625","95","95","95","0.057861328125","0.057861328125","0.057861328125","95","95","95","0.03662109375","0.03662109375","0.03662109375","95","95","95","0.0447998046875","0.0447998046875","0.0447998046875","95","95","95","0.030029296875","0.030029296875","0.030029296875","95","95","95","0.037841796875","0.037841796875","0.037841796875","95","95","95","0.035400390625","0.035400390625","0.035400390625","95","95","95","0.0516357421875","0.0516357421875","0.0516357421875"
"573440000","98","98","98","0.0367431640625","0.0367431640625","0.0367431640625","98","98","98","0.0379638671875","0.0379638671875","0.0379638671875","98","98","98","0.0338134765625","0.0338134765625","0.0338134765625","98","98","98","0.055419921875","0.055419921875","0.055419921875","98","98","98","0.0338134765625","0.0338134765625","0.0338134765625","98","98","98","0.0498046875","0.0498046875","0.0498046875","98","98","98","0.037353515625","0.037353515625","0.037353515625","98","98","98","0.0345458984375","0.0345458984375","0.0345458984375","98","98","98","0.03466796875","0.03466796875","0.03466796875","98","98","98","0.0516357421875","0.0516357421875","0.0516357421875"
"581632000","102","102","102","0.0341796875","0.0341796875","0.0341796875","102","102","102","0.033935546875","0.033935546875","0.033935546875","102","102","102","0.0384521484375","0.0384521484375","0.0384521484375","102","102","102","0.056396484375","0.056396484375","0.056396484375","102","102","102","0.0343017578125","0.0343017578125","0.0343017578125","102","102","102","0.052001953125","0.052001953125","0.052001953125","102","102","102","0.03564453125","0.03564453125","0.03564453125","102","102","102","0.0408935546875","0.0408935546875","0.0408935546875","102","102","102","0.035400390625","0.035400390625","0.035400390625","102","102","102","0.0546875","0.0546875","0.0546875"
"589824000","104","104","104","0.0361328125","0.0361328125","0.0361328125","104","104","104","0.0361328125","0.0361328125","0.0361328125","104","104","104","0.0306396484375","0.0306396484375","0.0306396484375","104","104","104","0.054931640625","0.054931640625","0.054931640625","104","104","104","0.03759765625","0.03759765625","0.03759765625","104","104","104","0.0479736328125","0.0479736328125","0.0479736328125","104","104","104","0.0328369140625","0.0328369140625","0.0328369140625","104","104","104","0.0362548828125","0.0362548828125","0.0362548828125","104","104","104","0.0384521484375","0.0384521484375","0.0384521484375","104","104","104","0.061767578125","0.061767578125","0.061767578125"
"598016000","105","105","105","0.033203125","0.033203125","0.033203125","105","105","105","0.0343017578125","0.0343017578125","0.0343017578125","105","105","105","0.0340576171875","0.0340576171875","0.0340576171875","105","105","105","0.0543212890625","0.0543212890625","0.0543212890625","105","105","105","0.03515625","0.03515625","0.03515625","105","105","105","0.04443359375","0.04443359375","0.04443359375","105","105","105","0.0360107421875","0.0360107421875","0.0360107421875","105","105","105","0.041259765625","0.041259765625","0.041259765625","105","105","105","0.0389404296875","0.0389404296875","0.0389404296875","105","105","105","0.056396484375","0.056396484375","0.056396484375"
"614400000","108","108","108","0.0380859375","0.0380859375","0.0380859375","108","108","108","0.02978515625","0.02978515625","0.02978515625","108","108","108","0.03759765625","0.03759765625","0.03759765625","108","108","108","0.052734375","0.052734375","0.052734375","108","108","108","0.0396728515625","0.0396728515625","0.0396728515625","108","108","108","0.044189453125","0.044189453125","0.044189453125","108","108","108","0.033935546875","0.033935546875","0.033935546875","108","108","108","0.037109375","0.037109375","0.037109375","108","108","108","0.0390625","0.0390625","0.0390625","108","108","108","0.0498046875","0.0498046875","0.0498046875"
"622592000","109","109","109","0.041748046875","0.041748046875","0.041748046875","109","109","109","0.03515625","0.03515625","0.03515625","109","109","109","0.0382080078125","0.0382080078125","0.0382080078125","109","109","109","0.0552978515625","0.0552978515625","0.0552978515625","109","109","109","0.038818359375","0.038818359375","0.038818359375","109","109","109","0.0433349609375","0.0433349609375","0.0433349609375","109","109","109","0.032958984375","0.032958984375","0.032958984375","109","109","109","0.038330078125","0.038330078125","0.038330078125","109","109","109","0.0384521484375","0.0384521484375","0.0384521484375","109","109","109","0.0521240234375","0.0521240234375","0.0521240234375"
"630784000","111","111","111","0.0426025390625","0.0426025390625","0.0426025390625","111","111","111","0.0445556640625","0.0445556640625","0.0445556640625","111","111","111","0.04638671875","0.04638671875","0.04638671875","111","111","111","0.065673828125","0.065673828125","0.065673828125","111","111","111","0.0418701171875","0.0418701171875","0.0418701171875","111","111","111","0.054443359375","0.054443359375","0.054443359375","111","111","111","0.042724609375","0.042724609375","0.042724609375","111","111","111","0.050537109375","0.050537109375","0.050537109375","111","111","111","0.049560546875","0.049560546875","0.049560546875","111","111","111","0.057373046875","0.057373046875","0.057373046875"
"638976000","112","112","112","0.037841796875","0.037841796875","0.037841796875","112","112","112","0.0390625","0.0390625","0.0390625","112","112","112","0.0335693359375","0.0335693359375","0.0335693359375","112","112","112","0.06298828125","0.06298828125","0.06298828125","112","112","112","0.034912109375","0.034912109375","0.034912109375","112","112","112","0.0479736328125","0.0479736328125","0.0479736328125","112","112","112","0.03466796875","0.03466796875","0.03466796875","112","112","112","0.031494140625","0.031494140625","0.031494140625","112","112","112","0.0364990234375","0.0364990234375","0.0364990234375","112","112","112","0.052978515625","0.052978515625","0.052978515625"
"647168000","113","113","113","0.0369873046875","0.0369873046875","0.0369873046875","113","113","113","0.0367431640625","0.0367431640625","0.0367431640625","113","113","113","0.0343017578125","0.0343017578125","0.0343017578125","113","113","113","0.0577392578125","0.0577392578125","0.0577392578125","113","113","113","0.0372314453125","0.0372314453125","0.0372314453125","113","113","113","0.046630859375","0.046630859375","0.046630859375","113","113","113","0.0316162109375","0.0316162109375","0.0316162109375","113","113","113","0.0355224609375","0.0355224609375","0.0355224609375","113","113","113","0.0377197265625","0.0377197265625","0.0377197265625","113","113","113","0.0570068359375","0.0570068359375","0.0570068359375"
"655360000","115","115","115","0.035888671875","0.035888671875","0.035888671875","115","115","115","0.03125","0.03125","0.03125","115","115","115","0.0367431640625","0.0367431640625","0.0367431640625","115","115","115","0.052490234375","0.052490234375","0.052490234375","115","115","115","0.0321044921875","0.0321044921875","0.0321044921875","115","115","115","0.045166015625","0.045166015625","0.045166015625","115","115","115","0.0328369140625","0.0328369140625","0.0328369140625","115","115","115","0.032958984375","0.032958984375","0.032958984375","115","115","115","0.0374755859375","0.0374755859375","0.0374755859375","115","115","115","0.050048828125","0.050048828125","0.050048828125"
"663552000","116","116","116","0.0404052734375","0.0404052734375","0.0404052734375","116","116","116","0.03564453125","0.03564453125","0.03564453125","116","116","116","0.0372314453125","0.0372314453125","0.0372314453125","116","116","116","0.0479736328125","0.0479736328125","0.0479736328125","116","116","116","0.0340576171875","0.0340576171875","0.0340576171875","116","116","116","0.0439453125","0.0439453125","0.0439453125","116","116","116","0.03271484375","0.03271484375","0.03271484375","116","116","116","0.031982421875","0.031982421875","0.031982421875","116","116","116","0.034423828125","0.034423828125","0.034423828125","116","116","116","0.04833984375","0.04833984375","0.04833984375"
"671744000","118","118","118","0.0443115234375","0.0443115234375","0.0443115234375","118","118","118","0.0396728515625","0.0396728515625","0.0396728515625","118","118","118","0.04443359375","0.04443359375","0.04443359375","118","118","118","0.05615234375","0.05615234375","0.05615234375","118","118","118","0.0423583984375","0.0423583984375","0.0423583984375","118","118","118","0.0504150390625","0.0504150390625","0.0504150390625","118","118","118","0.04638671875","0.04638671875","0.04638671875","118","118","118","0.041259765625","0.041259765625","0.041259765625","118","118","118","0.04248046875","0.04248046875","0.04248046875","118","118","118","0.050048828125","0.050048828125","0.050048828125"
"679936000","119","119","119","0.0391845703125","0.0391845703125","0.0391845703125","119","119","119","0.03955078125","0.03955078125","0.03955078125","119","119","119","0.0362548828125","0.0362548828125","0.0362548828125","119","119","119","0.0516357421875","0.0516357421875","0.0516357421875","119","119","119","0.0361328125","0.0361328125","0.0361328125","119","119","119","0.0472412109375","0.0472412109375","0.0472412109375","119","119","119","0.0347900390625","0.0347900390625","0.0347900390625","119","119","119","0.0333251953125","0.0333251953125","0.0333251953125","119","119","119","0.0379638671875","0.0379638671875","0.0379638671875","119","119","119","0.0499267578125","0.0499267578125","0.0499267578125"
"688128000","120","120","120","0.036376953125","0.036376953125","0.036376953125","120","120","120","0.034912109375","0.034912109375","0.034912109375","120","120","120","0.037353515625","0.037353515625","0.037353515625","120","120","120","0.05078125","0.05078125","0.05078125","120","120","120","0.033203125","0.033203125","0.033203125","120","120","120","0.0443115234375","0.0443115234375","0.0443115234375","120","120","120","0.032958984375","0.032958984375","0.032958984375","120","120","120","0.0345458984375","0.0345458984375","0.0345458984375","120","120","120","0.0384521484375","0.0384521484375","0.0384521484375","120","120","120","0.050048828125","0.050048828125","0.050048828125"
"696320000","122","122","122","0.035888671875","0.035888671875","0.035888671875","122","122","122","0.0347900390625","0.0347900390625","0.0347900390625","122","122","122","0.0355224609375","0.0355224609375","0.0355224609375","122","122","122","0.049560546875","0.049560546875","0.049560546875","122","122","122","0.03515625","0.03515625","0.03515625","122","122","122","0.042724609375","0.042724609375","0.042724609375","122","122","122","0.0294189453125","0.0294189453125","0.0294189453125","122","122","122","0.0340576171875","0.0340576171875","0.0340576171875","122","122","122","0.0347900390625","0.0347900390625","0.0347900390625","122","122","122","0.050537109375","0.050537109375","0.050537109375"
"704512000","123","123","123","0.0372314453125","0.0372314453125","0.0372314453125","123","123","123","0.0355224609375","0.0355224609375","0.0355224609375","123","123","123","0.0340576171875","0.0340576171875","0.0340576171875","123","123","123","0.053466796875","0.053466796875","0.053466796875","123","123","123","0.03564453125","0.03564453125","0.03564453125","123","123","123","0.0369873046875","0.0369873046875","0.0369873046875","123","123","123","0.0335693359375","0.0335693359375","0.0335693359375","123","123","123","0.0380859375","0.0380859375","0.0380859375","123","123","123","0.03955078125","0.03955078125","0.03955078125","123","123","123","0.0501708984375","0.0501708984375","0.0501708984375"
"712704000","125","125","125","0.0460205078125","0.0460205078125","0.0460205078125","125","125","125","0.047607421875","0.047607421875","0.047607421875","125","125","125","0.0406494140625","0.0406494140625","0.0406494140625","125","125","125","0.0570068359375","0.0570068359375","0.0570068359375","125","125","125","0.04541015625","0.04541015625","0.04541015625","125","125","125","0.0540771484375","0.0540771484375","0.0540771484375","125","125","125","0.0428466796875","0.0428466796875","0.0428466796875","125","125","125","0.041748046875","0.041748046875","0.041748046875","125","125","125","0.0426025390625","0.0426025390625","0.0426025390625","125","125","125","0.056396484375","0.056396484375","0.056396484375"
"720896000","126","126","126","0.03466796875","0.03466796875","0.03466796875","126","126","126","0.037841796875","0.037841796875","0.037841796875","126","126","126","0.03955078125","0.03955078125","0.03955078125","126","126","126","0.0506591796875","0.0506591796875","0.0506591796875","126","126","126","0.03173828125","0.03173828125","0.03173828125","126","126","126","0.0386962890625","0.0386962890625","0.0386962890625","126","126","126","0.0303955078125","0.0303955078125","0.0303955078125","126","126","126","0.0338134765625","0.0338134765625","0.0338134765625","126","126","126","0.03173828125","0.03173828125","0.03173828125","126","126","126","0.0447998046875","0.0447998046875","0.0447998046875"
"729088000","127","127","127","0.035400390625","0.035400390625","0.035400390625","127","127","127","0.03662109375","0.03662109375","0.03662109375","127","127","127","0.034423828125","0.034423828125","0.034423828125","127","127","127","0.05224609375","0.05224609375","0.05224609375","127","127","127","0.0355224609375","0.0355224609375","0.0355224609375","127","127","127","0.038818359375","0.038818359375","0.038818359375","127","127","127","0.0411376953125","0.0411376953125","0.0411376953125","127","127","127","0.0390625","0.0390625","0.0390625","127","127","127","0.0330810546875","0.0330810546875","0.0330810546875","127","127","127","0.0472412109375","0.0472412109375","0.0472412109375"
"737280000","129","129","129","0.035888671875","0.035888671875","0.035888671875","129","129","129","0.0352783203125","0.0352783203125","0.0352783203125","129","129","129","0.0372314453125","0.0372314453125","0.0372314453125","129","129","129","0.0445556640625","0.0445556640625","0.0445556640625","129","129","129","0.033935546875","0.033935546875","0.033935546875","129","129","129","0.040771484375","0.040771484375","0.040771484375","129","129","129","0.0343017578125","0.0343017578125","0.0343017578125","129","129","129","0.0340576171875","0.0340576171875","0.0340576171875","129","129","129","0.036865234375","0.036865234375","0.036865234375","129","129","129","0.05029296875","0.05029296875","0.05029296875"
"745472000","130","130","130","0.0355224609375","0.0355224609375","0.0355224609375","130","130","130","0.037353515625","0.037353515625","0.037353515625","130","130","130","0.0347900390625","0.0347900390625","0.0347900390625","130","130","130","0.051025390625","0.051025390625","0.051025390625","130","130","130","0.037109375","0.037109375","0.037109375","130","130","130","0.0390625","0.0390625","0.0390625","130","130","130","0.0333251953125","0.0333251953125","0.0333251953125","130","130","130","0.0364990234375","0.0364990234375","0.0364990234375","130","130","130","0.0350341796875","0.0350341796875","0.0350341796875","130","130","130","0.0499267578125","0.0499267578125","0.0499267578125"
"761856000","133","133","133","0.0340576171875","0.0340576171875","0.0340576171875","133","133","133","0.036865234375","0.036865234375","0.036865234375","133","133","133","0.0362548828125","0.0362548828125","0.0362548828125","133","133","133","0.0496826171875","0.0496826171875","0.0496826171875","133","133","133","0.0367431640625","0.0367431640625","0.0367431640625","133","133","133","0.0400390625","0.0400390625","0.0400390625","133","133","133","0.0333251953125","0.0333251953125","0.0333251953125","133","133","133","0.0372314453125","0.0372314453125","0.0372314453125","133","133","133","0.0350341796875","0.0350341796875","0.0350341796875","133","133","133","0.045654296875","0.045654296875","0.045654296875"
"770048000","134","134","134","0.0360107421875","0.0360107421875","0.0360107421875","134","134","134","0.04150390625","0.04150390625","0.04150390625","134","134","134","0.0340576171875","0.0340576171875","0.0340576171875","134","134","134","0.0482177734375","0.0482177734375","0.0482177734375","134","134","134","0.0347900390625","0.0347900390625","0.0347900390625","134","134","134","0.0433349609375","0.0433349609375","0.0433349609375","134","134","134","0.0316162109375","0.0316162109375","0.0316162109375","134","134","134","0.0384521484375","0.0384521484375","0.0384521484375","134","134","134","0.0380859375","0.0380859375","0.0380859375","134","134","134","0.044677734375","0.044677734375","0.044677734375"
"778240000","136","136","136","0.040283203125","0.040283203125","0.040283203125","136","136","136","0.036865234375","0.036865234375","0.036865234375","136","136","136","0.0361328125","0.0361328125","0.0361328125","136","136","136","0.051025390625","0.051025390625","0.051025390625","136","136","136","0.03515625","0.03515625","0.03515625","136","136","136","0.036865234375","0.036865234375","0.036865234375","136","136","136","0.033203125","0.033203125","0.033203125","136","136","136","0.0357666015625","0.0357666015625","0.0357666015625","136","136","136","0.03515625","0.03515625","0.03515625","136","136","136","0.0496826171875","0.0496826171875","0.0496826171875"
"786432000","137","137","137","0.0338134765625","0.0338134765625","0.0338134765625","137","137","137","0.0360107421875","0.0360107421875","0.0360107421875","137","137","137","0.0340576171875","0.0340576171875","0.0340576171875","137","137","137","0.0517578125","0.0517578125","0.0517578125","137","137","137","0.0345458984375","0.0345458984375","0.0345458984375","137","137","137","0.0419921875","0.0419921875","0.0419921875","137","137","137","0.028564453125","0.028564453125","0.028564453125","137","137","137","0.0323486328125","0.0323486328125","0.0323486328125","137","137","137","0.035888671875","0.035888671875","0.035888671875","137","137","137","0.04296875","0.04296875","0.04296875"
"802816000","140","140","140","0.0343017578125","0.0343017578125","0.0343017578125","140","140","140","0.03076171875","0.03076171875","0.03076171875","140","140","140","0.0322265625","0.0322265625","0.0322265625","140","140","140","0.0419921875","0.0419921875","0.0419921875","140","140","140","0.036376953125","0.036376953125","0.036376953125","140","140","140","0.0438232421875","0.0438232421875","0.0438232421875","140","140","140","0.0374755859375","0.0374755859375","0.0374755859375","140","140","140","0.0274658203125","0.0274658203125","0.0274658203125","140","140","140","0.038818359375","0.038818359375","0.038818359375","140","140","140","0.0430908203125","0.0430908203125","0.0430908203125"
"811008000","141","141","141","0.0328369140625","0.0328369140625","0.0328369140625","141","141","141","0.033203125","0.033203125","0.033203125","141","141","141","0.0362548828125","0.0362548828125","0.0362548828125","141","141","141","0.0498046875","0.0498046875","0.0498046875","141","141","141","0.0361328125","0.0361328125","0.0361328125","141","141","141","0.0390625","0.0390625","0.0390625","141","141","141","0.03466796875","0.03466796875","0.03466796875","141","141","141","0.0341796875","0.0341796875","0.0341796875","141","141","141","0.0343017578125","0.0343017578125","0.0343017578125","141","141","141","0.0438232421875","0.0438232421875","0.0438232421875"
"819200000","","","","","","","143","143","143","0.0323486328125","0.0323486328125","0.0323486328125","143","143","143","0.0364990234375","0.0364990234375","0.0364990234375","143","143","143","0.0455322265625","0.0455322265625","0.0455322265625","143","143","143","0.0345458984375","0.0345458984375","0.0345458984375","143","143","143","0.038330078125","0.038330078125","0.038330078125","143","143","143","0.0303955078125","0.0303955078125","0.0303955078125","143","143","143","0.031982421875","0.031982421875","0.031982421875","143","143","143","0.0343017578125","0.0343017578125","0.0343017578125","143","143","143","0.0439453125","0.0439453125","0.0439453125"
"827392000","","","","","","","144","144","144","0.032958984375","0.032958984375","0.032958984375","144","144","144","0.033447265625","0.033447265625","0.033447265625","144","144","144","0.045654296875","0.045654296875","0.045654296875","144","144","144","0.0345458984375","0.0345458984375","0.0345458984375","144","144","144","0.04638671875","0.04638671875","0.04638671875","144","144","144","0.0379638671875","0.0379638671875","0.0379638671875","144","144","144","0.034912109375","0.034912109375","0.034912109375","144","144","144","0.0394287109375","0.0394287109375","0.0394287109375","144","144","144","0.047607421875","0.047607421875","0.047607421875"
"835584000","","","","","","","145","145","145","0.0338134765625","0.0338134765625","0.0338134765625","145","145","145","0.0333251953125","0.0333251953125","0.0333251953125","145","145","145","0.0443115234375","0.0443115234375","0.0443115234375","145","145","145","0.0367431640625","0.0367431640625","0.0367431640625","145","145","145","0.0386962890625","0.0386962890625","0.0386962890625","145","145","145","0.0328369140625","0.0328369140625","0.0328369140625","145","145","145","0.031494140625","0.031494140625","0.031494140625","145","145","145","0.0341796875","0.0341796875","0.0341796875","145","145","145","0.0421142578125","0.0421142578125","0.0421142578125"
"843776000","","","","","","","","","","","","","146","146","146","0.0328369140625","0.0328369140625","0.0328369140625","","","","","","","146","146","146","0.032470703125","0.032470703125","0.032470703125","146","146","146","0.038818359375","0.038818359375","0.038818359375","146","146","146","0.0313720703125","0.0313720703125","0.0313720703125","146","146","146","0.031005859375","0.031005859375","0.031005859375","146","146","146","0.033203125","0.033203125","0.033203125","146","146","146","0.0440673828125","0.0440673828125","0.0440673828125"
"851968000","","","","","","","","","","","","","147","147","147","0.0367431640625","0.0367431640625","0.0367431640625","","","","","","","","","","","","","147","147","147","0.035888671875","0.035888671875","0.035888671875","147","147","147","0.0277099609375","0.0277099609375","0.0277099609375","147","147","147","0.0333251953125","0.0333251953125","0.0333251953125","147","147","147","0.0352783203125","0.0352783203125","0.0352783203125","147","147","147","0.0445556640625","0.0445556640625","0.0445556640625"
"860160000","","","","","","","","","","","","","149","149","149","0.041748046875","0.041748046875","0.041748046875","","","","","","","","","","","","","149","149","149","0.0521240234375","0.0521240234375","0.0521240234375","149","149","149","0.0390625","0.0390625","0.0390625","149","149","149","0.0389404296875","0.0389404296875","0.0389404296875","149","149","149","0.039306640625","0.039306640625","0.039306640625","149","149","149","0.0517578125","0.0517578125","0.0517578125"
"868352000","","","","","","","","","","","","","","","","","","","","","","","","","","","","","","","150","150","150","0.0389404296875","0.0389404296875","0.0389404296875","150","150","150","0.03466796875","0.03466796875","0.03466796875","150","150","150","0.0379638671875","0.0379638671875","0.0379638671875","150","150","150","0.0335693359375","0.0335693359375","0.0335693359375","150","150","150","0.0450439453125","0.0450439453125","0.0450439453125"
"876544000","","","","","","","","","","","","","","","","","","","","","","","","","","","","","","","151","151","151","0.0400390625","0.0400390625","0.0400390625","151","151","151","0.03076171875","0.03076171875","0.03076171875","151","151","151","0.03271484375","0.03271484375","0.03271484375","151","151","151","0.033203125","0.033203125","0.033203125","151","151","151","0.0457763671875","0.0457763671875","0.0457763671875"
"884736000","","","","","","","","","","","","","","","","","","","","","","","","","","","","","","","153","153","153","0.0391845703125","0.0391845703125","0.0391845703125","153","153","153","0.03173828125","0.03173828125","0.03173828125","153","153","153","0.035400390625","0.035400390625","0.035400390625","153","153","153","0.038330078125","0.038330078125","0.038330078125","153","153","153","0.04541015625","0.04541015625","0.04541015625"
"892928000","","","","","","","","","","","","","","","","","","","","","","","","","","","","","","","154","154","154","0.0362548828125","0.0362548828125","0.0362548828125","154","154","154","0.032470703125","0.032470703125","0.032470703125","154","154","154","0.0340576171875","0.0340576171875","0.0340576171875","154","154","154","0.030029296875","0.030029296875","0.030029296875","154","154","154","0.0435791015625","0.0435791015625","0.0435791015625"
"901120000","","","","","","","","","","","","","","","","","","","","","","","","","","","","","","","156","156","156","0.0482177734375","0.0482177734375","0.0482177734375","156","156","156","0.04248046875","0.04248046875","0.04248046875","156","156","156","0.0435791015625","0.0435791015625","0.0435791015625","156","156","156","0.03857421875","0.03857421875","0.03857421875","156","156","156","0.0479736328125","0.0479736328125","0.0479736328125"
"909312000","","","","","","","","","","","","","","","","","","","","","","","","","","","","","","","157","157","157","0.03955078125","0.03955078125","0.03955078125","157","157","157","0.03466796875","0.03466796875","0.03466796875","157","157","157","0.030517578125","0.030517578125","0.030517578125","157","157","157","0.037841796875","0.037841796875","0.037841796875","157","157","157","0.04443359375","0.04443359375","0.04443359375"
"917504000","","","","","","","","","","","","","","","","","","","","","","","","","","","","","","","158","158","158","0.038330078125","0.038330078125","0.038330078125","158","158","158","0.0340576171875","0.0340576171875","0.0340576171875","158","158","158","0.031982421875","0.031982421875","0.031982421875","158","158","158","0.038330078125","0.038330078125","0.038330078125","158","158","158","0.042724609375","0.042724609375","0.042724609375"
"925696000","","","","","","","","","","","","","","","","","","","","","","","","","","","","","","","160","160","160","0.03857421875","0.03857421875","0.03857421875","160","160","160","0.0328369140625","0.0328369140625","0.0328369140625","160","160","160","0.032470703125","0.032470703125","0.032470703125","160","160","160","0.03173828125","0.03173828125","0.03173828125","160","160","160","0.0438232421875","0.0438232421875","0.0438232421875"
"933888000","","","","","","","","","","","","","","","","","","","","","","","","","","","","","","","161","161","161","0.040771484375","0.040771484375","0.040771484375","161","161","161","0.0306396484375","0.0306396484375","0.0306396484375","161","161","161","0.028564453125","0.028564453125","0.028564453125","161","161","161","0.033203125","0.033203125","0.033203125","161","161","161","0.0458984375","0.0458984375","0.0458984375"
"950272000","","","","","","","","","","","","","","","","","","","","","","","","","","","","","","","164","164","164","0.0400390625","0.0400390625","0.0400390625","164","164","164","0.031494140625","0.031494140625","0.031494140625","164","164","164","0.0301513671875","0.0301513671875","0.0301513671875","164","164","164","0.0313720703125","0.0313720703125","0.0313720703125","164","164","164","0.0494384765625","0.0494384765625","0.0494384765625"
"958464000","","","","","","","","","","","","","","","","","","","","","","","","","","","","","","","165","165","165","0.0421142578125","0.0421142578125","0.0421142578125","165","165","165","0.0340576171875","0.0340576171875","0.0340576171875","165","165","165","0.03173828125","0.03173828125","0.03173828125","165","165","165","0.0369873046875","0.0369873046875","0.0369873046875","165","165","165","0.04052734375","0.04052734375","0.04052734375"
"966656000","","","","","","","","","","","","","","","","","","","","","","","","","","","","","","","167","167","167","0.0389404296875","0.0389404296875","0.0389404296875","167","167","167","0.0321044921875","0.0321044921875","0.0321044921875","167","167","167","0.0328369140625","0.0328369140625","0.0328369140625","167","167","167","0.0347900390625","0.0347900390625","0.0347900390625","167","167","167","0.04541015625","0.04541015625","0.04541015625"
"974848000","","","","","","","","","","","","","","","","","","","","","","","","","","","","","","","168","168","168","0.0413818359375","0.0413818359375","0.0413818359375","168","168","168","0.0299072265625","0.0299072265625","0.0299072265625","168","168","168","0.0335693359375","0.0335693359375","0.0335693359375","168","168","168","0.0299072265625","0.0299072265625","0.0299072265625","168","168","168","0.039306640625","0.039306640625","0.039306640625"
"991232000","","","","","","","","","","","","","","","","","","","","","","","","","","","","","","","171","171","171","0.03857421875","0.03857421875","0.03857421875","171","171","171","0.0330810546875","0.0330810546875","0.0330810546875","171","171","171","0.032958984375","0.032958984375","0.032958984375","171","171","171","0.031982421875","0.031982421875","0.031982421875","171","171","171","0.0462646484375","0.0462646484375","0.0462646484375"
"999424000","","","","","","","","","","","","","","","","","","","","","","","","","","","","","","","172","172","172","0.036865234375","0.036865234375","0.036865234375","172","172","172","0.031494140625","0.031494140625","0.031494140625","172","172","172","0.033203125","0.033203125","0.033203125","172","172","172","0.037109375","0.037109375","0.037109375","172","172","172","0.0408935546875","0.0408935546875","0.0408935546875"
"1007616000","","","","","","","","","","","","","","","","","","","","","","","","","","","","","","","174","174","174","0.041748046875","0.041748046875","0.041748046875","174","174","174","0.0338134765625","0.0338134765625","0.0338134765625","174","174","174","0.030517578125","0.030517578125","0.030517578125","174","174","174","0.0322265625","0.0322265625","0.0322265625","174","174","174","0.043701171875","0.043701171875","0.043701171875"