"global_step","22264306_hlg_1cubes_b8192_mb2048_lr1e-4_w2048 - _step","22264306_hlg_1cubes_b8192_mb2048_lr1e-4_w2048 - _step__MIN","22264306_hlg_1cubes_b8192_mb2048_lr1e-4_w2048 - _step__MAX","22264306_hlg_1cubes_b8192_mb2048_lr1e-4_w2048 - episodic_stats/failure_2_last","22264306_hlg_1cubes_b8192_mb2048_lr1e-4_w2048 - episodic_stats/failure_2_last__MIN","22264306_hlg_1cubes_b8192_mb2048_lr1e-4_w2048 - episodic_stats/failure_2_last__MAX","22264305_hlg_1cubes_b8192_mb2048_lr1e-4_w2048 - _step","22264305_hlg_1cubes_b8192_mb2048_lr1e-4_w2048 - _step__MIN","22264305_hlg_1cubes_b8192_mb2048_lr1e-4_w2048 - _step__MAX","22264305_hlg_1cubes_b8192_mb2048_lr1e-4_w2048 - episodic_stats/failure_2_last","22264305_hlg_1cubes_b8192_mb2048_lr1e-4_w2048 - episodic_stats/failure_2_last__MIN","22264305_hlg_1cubes_b8192_mb2048_lr1e-4_w2048 - episodic_stats/failure_2_last__MAX","22264304_hlg_1cubes_b8192_mb2048_lr1e-4_w2048 - _step","22264304_hlg_1cubes_b8192_mb2048_lr1e-4_w2048 - _step__MIN","22264304_hlg_1cubes_b8192_mb2048_lr1e-4_w2048 - _step__MAX","22264304_hlg_1cubes_b8192_mb2048_lr1e-4_w2048 - episodic_stats/failure_2_last","22264304_hlg_1cubes_b8192_mb2048_lr1e-4_w2048 - episodic_stats/failure_2_last__MIN","22264304_hlg_1cubes_b8192_mb2048_lr1e-4_w2048 - episodic_stats/failure_2_last__MAX","22264303_hlg_1cubes_b8192_mb2048_lr1e-4_w2048 - _step","22264303_hlg_1cubes_b8192_mb2048_lr1e-4_w2048 - _step__MIN","22264303_hlg_1cubes_b8192_mb2048_lr1e-4_w2048 - _step__MAX","22264303_hlg_1cubes_b8192_mb2048_lr1e-4_w2048 - episodic_stats/failure_2_last","22264303_hlg_1cubes_b8192_mb2048_lr1e-4_w2048 - episodic_stats/failure_2_last__MIN","22264303_hlg_1cubes_b8192_mb2048_lr1e-4_w2048 - episodic_stats/failure_2_last__MAX","22264307_hlg_1cubes_b8192_mb2048_lr1e-4_w2048 - _step","22264307_hlg_1cubes_b8192_mb2048_lr1e-4_w2048 - _step__MIN","22264307_hlg_1cubes_b8192_mb2048_lr1e-4_w2048 - _step__MAX","22264307_hlg_1cubes_b8192_mb2048_lr1e-4_w2048 - episodic_stats/failure_2_last","22264307_hlg_1cubes_b8192_mb2048_lr1e-4_w2048 - episodic_stats/failure_2_last__MIN","22264307_hlg_1cubes_b8192_mb2048_lr1e-4_w2048 - episodic_stats/failure_2_last__MAX","22264296_hlg_1cubes_b8192_mb2048_lr2e-4_w2048 - _step","22264296_hlg_1cubes_b8192_mb2048_lr2e-4_w2048 - _step__MIN","22264296_hlg_1cubes_b8192_mb2048_lr2e-4_w2048 - _step__MAX","22264296_hlg_1cubes_b8192_mb2048_lr2e-4_w2048 - episodic_stats/failure_2_last","22264296_hlg_1cubes_b8192_mb2048_lr2e-4_w2048 - episodic_stats/failure_2_last__MIN","22264296_hlg_1cubes_b8192_mb2048_lr2e-4_w2048 - episodic_stats/failure_2_last__MAX","22264294_hlg_1cubes_b8192_mb2048_lr2e-4_w2048 - _step","22264294_hlg_1cubes_b8192_mb2048_lr2e-4_w2048 - _step__MIN","22264294_hlg_1cubes_b8192_mb2048_lr2e-4_w2048 - _step__MAX","22264294_hlg_1cubes_b8192_mb2048_lr2e-4_w2048 - episodic_stats/failure_2_last","22264294_hlg_1cubes_b8192_mb2048_lr2e-4_w2048 - episodic_stats/failure_2_last__MIN","22264294_hlg_1cubes_b8192_mb2048_lr2e-4_w2048 - episodic_stats/failure_2_last__MAX","22264293_hlg_1cubes_b8192_mb2048_lr2e-4_w2048 - _step","22264293_hlg_1cubes_b8192_mb2048_lr2e-4_w2048 - _step__MIN","22264293_hlg_1cubes_b8192_mb2048_lr2e-4_w2048 - _step__MAX","22264293_hlg_1cubes_b8192_mb2048_lr2e-4_w2048 - episodic_stats/failure_2_last","22264293_hlg_1cubes_b8192_mb2048_lr2e-4_w2048 - episodic_stats/failure_2_last__MIN","22264293_hlg_1cubes_b8192_mb2048_lr2e-4_w2048 - episodic_stats/failure_2_last__MAX","22264292_hlg_1cubes_b8192_mb2048_lr2e-4_w2048 - _step","22264292_hlg_1cubes_b8192_mb2048_lr2e-4_w2048 - _step__MIN","22264292_hlg_1cubes_b8192_mb2048_lr2e-4_w2048 - _step__MAX","22264292_hlg_1cubes_b8192_mb2048_lr2e-4_w2048 - episodic_stats/failure_2_last","22264292_hlg_1cubes_b8192_mb2048_lr2e-4_w2048 - episodic_stats/failure_2_last__MIN","22264292_hlg_1cubes_b8192_mb2048_lr2e-4_w2048 - episodic_stats/failure_2_last__MAX","22264291_hlg_1cubes_b8192_mb2048_lr2e-4_w2048 - _step","22264291_hlg_1cubes_b8192_mb2048_lr2e-4_w2048 - _step__MIN","22264291_hlg_1cubes_b8192_mb2048_lr2e-4_w2048 - _step__MAX","22264291_hlg_1cubes_b8192_mb2048_lr2e-4_w2048 - episodic_stats/failure_2_last","22264291_hlg_1cubes_b8192_mb2048_lr2e-4_w2048 - episodic_stats/failure_2_last__MIN","22264291_hlg_1cubes_b8192_mb2048_lr2e-4_w2048 - episodic_stats/failure_2_last__MAX"
"8192000","3","3","3","0.990478515625","0.990478515625","0.990478515625","3","3","3","0.98974609375","0.98974609375","0.98974609375","3","3","3","0.9910888671875","0.9910888671875","0.9910888671875","3","3","3","0.9903564453125","0.9903564453125","0.9903564453125","3","3","3","0.9912109375","0.9912109375","0.9912109375","3","3","3","0.9912109375","0.9912109375","0.9912109375","3","3","3","0.9913330078125","0.9913330078125","0.9913330078125","3","3","3","0.9913330078125","0.9913330078125","0.9913330078125","3","3","3","0.9888916015625","0.9888916015625","0.9888916015625","3","3","3","0.990234375","0.990234375","0.990234375"
"16384000","4","4","4","0.9879150390625","0.9879150390625","0.9879150390625","4","4","4","0.991943359375","0.991943359375","0.991943359375","4","4","4","0.9910888671875","0.9910888671875","0.9910888671875","4","4","4","0.9912109375","0.9912109375","0.9912109375","4","4","4","0.990478515625","0.990478515625","0.990478515625","4","4","4","0.9915771484375","0.9915771484375","0.9915771484375","4","4","4","0.990234375","0.990234375","0.990234375","4","4","4","0.98876953125","0.98876953125","0.98876953125","4","4","4","0.99169921875","0.99169921875","0.99169921875","4","4","4","0.9912109375","0.9912109375","0.9912109375"
"24576000","6","6","6","0.98779296875","0.98779296875","0.98779296875","6","6","6","0.9906005859375","0.9906005859375","0.9906005859375","6","6","6","0.98974609375","0.98974609375","0.98974609375","6","6","6","0.9876708984375","0.9876708984375","0.9876708984375","6","6","6","0.988037109375","0.988037109375","0.988037109375","6","6","6","0.988525390625","0.988525390625","0.988525390625","6","6","6","0.989013671875","0.989013671875","0.989013671875","6","6","6","0.9876708984375","0.9876708984375","0.9876708984375","6","6","6","0.9915771484375","0.9915771484375","0.9915771484375","6","6","6","0.9901123046875","0.9901123046875","0.9901123046875"
"32768000","7","7","7","0.9871826171875","0.9871826171875","0.9871826171875","7","7","7","0.990478515625","0.990478515625","0.990478515625","7","7","7","0.988037109375","0.988037109375","0.988037109375","7","7","7","0.987060546875","0.987060546875","0.987060546875","7","7","7","0.986328125","0.986328125","0.986328125","7","7","7","0.98681640625","0.98681640625","0.98681640625","7","7","7","0.987060546875","0.987060546875","0.987060546875","7","7","7","0.987060546875","0.987060546875","0.987060546875","7","7","7","0.9876708984375","0.9876708984375","0.9876708984375","7","7","7","0.9888916015625","0.9888916015625","0.9888916015625"
"40960000","8","8","8","0.984130859375","0.984130859375","0.984130859375","8","8","8","0.9862060546875","0.9862060546875","0.9862060546875","8","8","8","0.9837646484375","0.9837646484375","0.9837646484375","8","8","8","0.9862060546875","0.9862060546875","0.9862060546875","8","8","8","0.9859619140625","0.9859619140625","0.9859619140625","8","8","8","0.9871826171875","0.9871826171875","0.9871826171875","8","8","8","0.98046875","0.98046875","0.98046875","8","8","8","0.98583984375","0.98583984375","0.98583984375","8","8","8","0.98876953125","0.98876953125","0.98876953125","8","8","8","0.987060546875","0.987060546875","0.987060546875"
"49152000","10","10","10","0.9818115234375","0.9818115234375","0.9818115234375","10","10","10","0.980712890625","0.980712890625","0.980712890625","10","10","10","0.9833984375","0.9833984375","0.9833984375","10","10","10","0.98388671875","0.98388671875","0.98388671875","10","10","10","0.981201171875","0.981201171875","0.981201171875","10","10","10","0.98583984375","0.98583984375","0.98583984375","10","10","10","0.97216796875","0.97216796875","0.97216796875","10","10","10","0.9837646484375","0.9837646484375","0.9837646484375","10","10","10","0.986328125","0.986328125","0.986328125","10","10","10","0.989013671875","0.989013671875","0.989013671875"
"57344000","11","11","11","0.9769287109375","0.9769287109375","0.9769287109375","11","11","11","0.980712890625","0.980712890625","0.980712890625","11","11","11","0.9810791015625","0.9810791015625","0.9810791015625","11","11","11","0.97705078125","0.97705078125","0.97705078125","11","11","11","0.9818115234375","0.9818115234375","0.9818115234375","11","11","11","0.9835205078125","0.9835205078125","0.9835205078125","11","11","11","0.94775390625","0.94775390625","0.94775390625","11","11","11","0.9815673828125","0.9815673828125","0.9815673828125","11","11","11","0.985595703125","0.985595703125","0.985595703125","11","11","11","0.984375","0.984375","0.984375"
"65536000","13","13","13","0.970458984375","0.970458984375","0.970458984375","13","13","13","0.9805908203125","0.9805908203125","0.9805908203125","13","13","13","0.971435546875","0.971435546875","0.971435546875","13","13","13","0.978515625","0.978515625","0.978515625","13","13","13","0.97119140625","0.97119140625","0.97119140625","13","13","13","0.970947265625","0.970947265625","0.970947265625","13","13","13","0.8834228515625","0.8834228515625","0.8834228515625","13","13","13","0.9764404296875","0.9764404296875","0.9764404296875","13","13","13","0.9881591796875","0.9881591796875","0.9881591796875","13","13","13","0.9852294921875","0.9852294921875","0.9852294921875"
"73728000","14","14","14","0.962890625","0.962890625","0.962890625","14","14","14","0.9732666015625","0.9732666015625","0.9732666015625","14","14","14","0.9637451171875","0.9637451171875","0.9637451171875","14","14","14","0.9669189453125","0.9669189453125","0.9669189453125","14","14","14","0.9615478515625","0.9615478515625","0.9615478515625","14","14","14","0.9564208984375","0.9564208984375","0.9564208984375","14","14","14","0.7430419921875","0.7430419921875","0.7430419921875","14","14","14","0.9580078125","0.9580078125","0.9580078125","14","14","14","0.9791259765625","0.9791259765625","0.9791259765625","14","14","14","0.9818115234375","0.9818115234375","0.9818115234375"
"81920000","15","15","15","0.8974609375","0.8974609375","0.8974609375","15","15","15","0.9615478515625","0.9615478515625","0.9615478515625","15","15","15","0.93408203125","0.93408203125","0.93408203125","15","15","15","0.92236328125","0.92236328125","0.92236328125","15","15","15","0.9202880859375","0.9202880859375","0.9202880859375","15","15","15","0.9033203125","0.9033203125","0.9033203125","15","15","15","0.5950927734375","0.5950927734375","0.5950927734375","15","15","15","0.94189453125","0.94189453125","0.94189453125","15","15","15","0.970458984375","0.970458984375","0.970458984375","15","15","15","0.970458984375","0.970458984375","0.970458984375"
"90112000","17","17","17","0.77001953125","0.77001953125","0.77001953125","17","17","17","0.9237060546875","0.9237060546875","0.9237060546875","17","17","17","0.84765625","0.84765625","0.84765625","17","17","17","0.8236083984375","0.8236083984375","0.8236083984375","17","17","17","0.830322265625","0.830322265625","0.830322265625","17","17","17","0.77294921875","0.77294921875","0.77294921875","17","17","17","0.3167724609375","0.3167724609375","0.3167724609375","17","17","17","0.861328125","0.861328125","0.861328125","17","17","17","0.9622802734375","0.9622802734375","0.9622802734375","17","17","17","0.9462890625","0.9462890625","0.9462890625"
"98304000","18","18","18","0.50341796875","0.50341796875","0.50341796875","18","18","18","0.826904296875","0.826904296875","0.826904296875","18","18","18","0.658203125","0.658203125","0.658203125","18","18","18","0.565185546875","0.565185546875","0.565185546875","18","18","18","0.6668701171875","0.6668701171875","0.6668701171875","18","18","18","0.6009521484375","0.6009521484375","0.6009521484375","18","18","18","0.2041015625","0.2041015625","0.2041015625","18","18","18","0.744140625","0.744140625","0.744140625","18","18","18","0.925537109375","0.925537109375","0.925537109375","18","18","18","0.899169921875","0.899169921875","0.899169921875"
"114688000","21","21","21","0.2705078125","0.2705078125","0.2705078125","21","21","21","0.4383544921875","0.4383544921875","0.4383544921875","21","21","21","0.348876953125","0.348876953125","0.348876953125","21","21","21","0.25341796875","0.25341796875","0.25341796875","21","21","21","0.322998046875","0.322998046875","0.322998046875","21","21","21","0.28759765625","0.28759765625","0.28759765625","21","21","21","0.1380615234375","0.1380615234375","0.1380615234375","21","21","21","0.335205078125","0.335205078125","0.335205078125","21","21","21","0.7088623046875","0.7088623046875","0.7088623046875","21","21","21","0.4884033203125","0.4884033203125","0.4884033203125"
"122880000","22","22","22","0.1927490234375","0.1927490234375","0.1927490234375","22","22","22","0.2376708984375","0.2376708984375","0.2376708984375","22","22","22","0.228271484375","0.228271484375","0.228271484375","22","22","22","0.1778564453125","0.1778564453125","0.1778564453125","22","22","22","0.236572265625","0.236572265625","0.236572265625","22","22","22","0.19775390625","0.19775390625","0.19775390625","22","22","22","0.1302490234375","0.1302490234375","0.1302490234375","22","22","22","0.2596435546875","0.2596435546875","0.2596435546875","22","22","22","0.47314453125","0.47314453125","0.47314453125","22","22","22","0.28271484375","0.28271484375","0.28271484375"
"131072000","24","24","24","0.1480712890625","0.1480712890625","0.1480712890625","24","24","24","0.1630859375","0.1630859375","0.1630859375","24","24","24","0.1650390625","0.1650390625","0.1650390625","24","24","24","0.13037109375","0.13037109375","0.13037109375","24","24","24","0.146484375","0.146484375","0.146484375","24","24","24","0.1376953125","0.1376953125","0.1376953125","24","24","24","0.0977783203125","0.0977783203125","0.0977783203125","24","24","24","0.197021484375","0.197021484375","0.197021484375","24","24","24","0.2674560546875","0.2674560546875","0.2674560546875","24","24","24","0.22802734375","0.22802734375","0.22802734375"
"139264000","25","25","25","0.1416015625","0.1416015625","0.1416015625","25","25","25","0.147216796875","0.147216796875","0.147216796875","25","25","25","0.13525390625","0.13525390625","0.13525390625","25","25","25","0.1204833984375","0.1204833984375","0.1204833984375","25","25","25","0.1319580078125","0.1319580078125","0.1319580078125","25","25","25","0.14208984375","0.14208984375","0.14208984375","25","25","25","0.0802001953125","0.0802001953125","0.0802001953125","25","25","25","0.15380859375","0.15380859375","0.15380859375","25","25","25","0.1903076171875","0.1903076171875","0.1903076171875","25","25","25","0.1522216796875","0.1522216796875","0.1522216796875"
"155648000","28","28","28","0.1204833984375","0.1204833984375","0.1204833984375","28","28","28","0.117431640625","0.117431640625","0.117431640625","28","28","28","0.10107421875","0.10107421875","0.10107421875","28","28","28","0.096923828125","0.096923828125","0.096923828125","28","28","28","0.1041259765625","0.1041259765625","0.1041259765625","28","28","28","0.1065673828125","0.1065673828125","0.1065673828125","28","28","28","0.0816650390625","0.0816650390625","0.0816650390625","28","28","28","0.1331787109375","0.1331787109375","0.1331787109375","28","28","28","0.1387939453125","0.1387939453125","0.1387939453125","28","28","28","0.13134765625","0.13134765625","0.13134765625"
"163840000","29","29","29","0.1031494140625","0.1031494140625","0.1031494140625","29","29","29","0.0992431640625","0.0992431640625","0.0992431640625","29","29","29","0.0958251953125","0.0958251953125","0.0958251953125","29","29","29","0.089111328125","0.089111328125","0.089111328125","29","29","29","0.0947265625","0.0947265625","0.0947265625","29","29","29","0.0948486328125","0.0948486328125","0.0948486328125","29","29","29","0.07080078125","0.07080078125","0.07080078125","29","29","29","0.1197509765625","0.1197509765625","0.1197509765625","29","29","29","0.14111328125","0.14111328125","0.14111328125","29","29","29","0.130615234375","0.130615234375","0.130615234375"
"172032000","31","31","31","0.0855712890625","0.0855712890625","0.0855712890625","31","31","31","0.0904541015625","0.0904541015625","0.0904541015625","31","31","31","0.083984375","0.083984375","0.083984375","31","31","31","0.0924072265625","0.0924072265625","0.0924072265625","31","31","31","0.104736328125","0.104736328125","0.104736328125","31","31","31","0.0985107421875","0.0985107421875","0.0985107421875","31","31","31","0.0589599609375","0.0589599609375","0.0589599609375","31","31","31","0.115966796875","0.115966796875","0.115966796875","31","31","31","0.1334228515625","0.1334228515625","0.1334228515625","31","31","31","0.115478515625","0.115478515625","0.115478515625"
"180224000","32","32","32","0.0828857421875","0.0828857421875","0.0828857421875","32","32","32","0.0767822265625","0.0767822265625","0.0767822265625","32","32","32","0.068603515625","0.068603515625","0.068603515625","32","32","32","0.0755615234375","0.0755615234375","0.0755615234375","32","32","32","0.08349609375","0.08349609375","0.08349609375","32","32","32","0.0810546875","0.0810546875","0.0810546875","32","32","32","0.0628662109375","0.0628662109375","0.0628662109375","32","32","32","0.1009521484375","0.1009521484375","0.1009521484375","32","32","32","0.1104736328125","0.1104736328125","0.1104736328125","32","32","32","0.114990234375","0.114990234375","0.114990234375"
"196608000","35","35","35","0.0682373046875","0.0682373046875","0.0682373046875","35","35","35","0.068603515625","0.068603515625","0.068603515625","35","35","35","0.054931640625","0.054931640625","0.054931640625","35","35","35","0.071533203125","0.071533203125","0.071533203125","35","35","35","0.0728759765625","0.0728759765625","0.0728759765625","35","35","35","0.0765380859375","0.0765380859375","0.0765380859375","35","35","35","0.055419921875","0.055419921875","0.055419921875","35","35","35","0.0770263671875","0.0770263671875","0.0770263671875","35","35","35","0.0908203125","0.0908203125","0.0908203125","35","35","35","0.10009765625","0.10009765625","0.10009765625"
"204800000","36","36","36","0.0670166015625","0.0670166015625","0.0670166015625","36","36","36","0.075439453125","0.075439453125","0.075439453125","36","36","36","0.052734375","0.052734375","0.052734375","36","36","36","0.0626220703125","0.0626220703125","0.0626220703125","36","36","36","0.057861328125","0.057861328125","0.057861328125","36","36","36","0.059326171875","0.059326171875","0.059326171875","36","36","36","0.0638427734375","0.0638427734375","0.0638427734375","36","36","36","0.0721435546875","0.0721435546875","0.0721435546875","36","36","36","0.07421875","0.07421875","0.07421875","36","36","36","0.099853515625","0.099853515625","0.099853515625"
"212992000","38","38","38","0.0693359375","0.0693359375","0.0693359375","38","38","38","0.0767822265625","0.0767822265625","0.0767822265625","38","38","38","0.0582275390625","0.0582275390625","0.0582275390625","38","38","38","0.0780029296875","0.0780029296875","0.0780029296875","38","38","38","0.06982421875","0.06982421875","0.06982421875","38","38","38","0.0777587890625","0.0777587890625","0.0777587890625","38","38","38","0.0574951171875","0.0574951171875","0.0574951171875","38","38","38","0.086181640625","0.086181640625","0.086181640625","38","38","38","0.072509765625","0.072509765625","0.072509765625","38","38","38","0.0924072265625","0.0924072265625","0.0924072265625"
"221184000","39","39","39","0.060302734375","0.060302734375","0.060302734375","39","39","39","0.0574951171875","0.0574951171875","0.0574951171875","39","39","39","0.049072265625","0.049072265625","0.049072265625","39","39","39","0.06298828125","0.06298828125","0.06298828125","39","39","39","0.0576171875","0.0576171875","0.0576171875","39","39","39","0.064208984375","0.064208984375","0.064208984375","39","39","39","0.04736328125","0.04736328125","0.04736328125","39","39","39","0.06982421875","0.06982421875","0.06982421875","39","39","39","0.0687255859375","0.0687255859375","0.0687255859375","39","39","39","0.0770263671875","0.0770263671875","0.0770263671875"
"229376000","40","40","40","0.046630859375","0.046630859375","0.046630859375","40","40","40","0.05615234375","0.05615234375","0.05615234375","40","40","40","0.04150390625","0.04150390625","0.04150390625","40","40","40","0.0609130859375","0.0609130859375","0.0609130859375","40","40","40","0.0498046875","0.0498046875","0.0498046875","40","40","40","0.0572509765625","0.0572509765625","0.0572509765625","40","40","40","0.04833984375","0.04833984375","0.04833984375","40","40","40","0.066650390625","0.066650390625","0.066650390625","40","40","40","0.0655517578125","0.0655517578125","0.0655517578125","40","40","40","0.0762939453125","0.0762939453125","0.0762939453125"
"237568000","42","42","42","0.0443115234375","0.0443115234375","0.0443115234375","42","42","42","0.055908203125","0.055908203125","0.055908203125","42","42","42","0.041748046875","0.041748046875","0.041748046875","42","42","42","0.0548095703125","0.0548095703125","0.0548095703125","42","42","42","0.0460205078125","0.0460205078125","0.0460205078125","42","42","42","0.0611572265625","0.0611572265625","0.0611572265625","42","42","42","0.046142578125","0.046142578125","0.046142578125","42","42","42","0.0684814453125","0.0684814453125","0.0684814453125","42","42","42","0.0557861328125","0.0557861328125","0.0557861328125","42","42","42","0.07275390625","0.07275390625","0.07275390625"
"245760000","43","43","43","0.046875","0.046875","0.046875","43","43","43","0.0587158203125","0.0587158203125","0.0587158203125","43","43","43","0.0421142578125","0.0421142578125","0.0421142578125","43","43","43","0.0511474609375","0.0511474609375","0.0511474609375","43","43","43","0.0428466796875","0.0428466796875","0.0428466796875","43","43","43","0.054931640625","0.054931640625","0.054931640625","43","43","43","0.0469970703125","0.0469970703125","0.0469970703125","43","43","43","0.0628662109375","0.0628662109375","0.0628662109375","43","43","43","0.06396484375","0.06396484375","0.06396484375","43","43","43","0.065673828125","0.065673828125","0.065673828125"
"253952000","45","45","45","0.06201171875","0.06201171875","0.06201171875","45","45","45","0.056640625","0.056640625","0.056640625","45","45","45","0.0513916015625","0.0513916015625","0.0513916015625","45","45","45","0.0614013671875","0.0614013671875","0.0614013671875","45","45","45","0.0494384765625","0.0494384765625","0.0494384765625","45","45","45","0.0660400390625","0.0660400390625","0.0660400390625","45","45","45","0.0550537109375","0.0550537109375","0.0550537109375","45","45","45","0.0596923828125","0.0596923828125","0.0596923828125","45","45","45","0.06591796875","0.06591796875","0.06591796875","45","45","45","0.072509765625","0.072509765625","0.072509765625"
"262144000","46","46","46","0.0455322265625","0.0455322265625","0.0455322265625","46","46","46","0.0501708984375","0.0501708984375","0.0501708984375","46","46","46","0.044921875","0.044921875","0.044921875","46","46","46","0.0482177734375","0.0482177734375","0.0482177734375","46","46","46","0.041259765625","0.041259765625","0.041259765625","46","46","46","0.052978515625","0.052978515625","0.052978515625","46","46","46","0.0496826171875","0.0496826171875","0.0496826171875","46","46","46","0.0528564453125","0.0528564453125","0.0528564453125","46","46","46","0.0506591796875","0.0506591796875","0.0506591796875","46","46","46","0.0615234375","0.0615234375","0.0615234375"
"270336000","47","47","47","0.04638671875","0.04638671875","0.04638671875","47","47","47","0.0523681640625","0.0523681640625","0.0523681640625","47","47","47","0.0362548828125","0.0362548828125","0.0362548828125","47","47","47","0.047607421875","0.047607421875","0.047607421875","47","47","47","0.0413818359375","0.0413818359375","0.0413818359375","47","47","47","0.0572509765625","0.0572509765625","0.0572509765625","47","47","47","0.0450439453125","0.0450439453125","0.0450439453125","47","47","47","0.0576171875","0.0576171875","0.0576171875","47","47","47","0.0489501953125","0.0489501953125","0.0489501953125","47","47","47","0.0626220703125","0.0626220703125","0.0626220703125"
"278528000","49","49","49","0.0419921875","0.0419921875","0.0419921875","49","49","49","0.0460205078125","0.0460205078125","0.0460205078125","49","49","49","0.042236328125","0.042236328125","0.042236328125","49","49","49","0.046630859375","0.046630859375","0.046630859375","49","49","49","0.043701171875","0.043701171875","0.043701171875","49","49","49","0.0517578125","0.0517578125","0.0517578125","49","49","49","0.05126953125","0.05126953125","0.05126953125","49","49","49","0.048095703125","0.048095703125","0.048095703125","49","49","49","0.049072265625","0.049072265625","0.049072265625","49","49","49","0.062255859375","0.062255859375","0.062255859375"
"286720000","50","50","50","0.0428466796875","0.0428466796875","0.0428466796875","50","50","50","0.0506591796875","0.0506591796875","0.0506591796875","50","50","50","0.0411376953125","0.0411376953125","0.0411376953125","50","50","50","0.0494384765625","0.0494384765625","0.0494384765625","50","50","50","0.0462646484375","0.0462646484375","0.0462646484375","50","50","50","0.0592041015625","0.0592041015625","0.0592041015625","50","50","50","0.04443359375","0.04443359375","0.04443359375","50","50","50","0.048828125","0.048828125","0.048828125","50","50","50","0.0428466796875","0.0428466796875","0.0428466796875","50","50","50","0.052978515625","0.052978515625","0.052978515625"
"294912000","52","52","52","0.0509033203125","0.0509033203125","0.0509033203125","52","52","52","0.0565185546875","0.0565185546875","0.0565185546875","52","52","52","0.0435791015625","0.0435791015625","0.0435791015625","52","52","52","0.0496826171875","0.0496826171875","0.0496826171875","52","52","52","0.0477294921875","0.0477294921875","0.0477294921875","52","52","52","0.06201171875","0.06201171875","0.06201171875","52","52","52","0.046875","0.046875","0.046875","52","52","52","0.0606689453125","0.0606689453125","0.0606689453125","52","52","52","0.0540771484375","0.0540771484375","0.0540771484375","52","52","52","0.0638427734375","0.0638427734375","0.0638427734375"
"303104000","53","53","53","0.04248046875","0.04248046875","0.04248046875","53","53","53","0.046875","0.046875","0.046875","53","53","53","0.0355224609375","0.0355224609375","0.0355224609375","53","53","53","0.041015625","0.041015625","0.041015625","53","53","53","0.0419921875","0.0419921875","0.0419921875","53","53","53","0.05517578125","0.05517578125","0.05517578125","53","53","53","0.04638671875","0.04638671875","0.04638671875","53","53","53","0.04736328125","0.04736328125","0.04736328125","53","53","53","0.040283203125","0.040283203125","0.040283203125","53","53","53","0.0511474609375","0.0511474609375","0.0511474609375"
"311296000","54","54","54","0.0408935546875","0.0408935546875","0.0408935546875","54","54","54","0.0484619140625","0.0484619140625","0.0484619140625","54","54","54","0.040771484375","0.040771484375","0.040771484375","54","54","54","0.0545654296875","0.0545654296875","0.0545654296875","54","54","54","0.0411376953125","0.0411376953125","0.0411376953125","54","54","54","0.048583984375","0.048583984375","0.048583984375","54","54","54","0.0389404296875","0.0389404296875","0.0389404296875","54","54","54","0.0499267578125","0.0499267578125","0.0499267578125","54","54","54","0.049560546875","0.049560546875","0.049560546875","54","54","54","0.04931640625","0.04931640625","0.04931640625"
"319488000","56","56","56","0.0362548828125","0.0362548828125","0.0362548828125","56","56","56","0.043701171875","0.043701171875","0.043701171875","56","56","56","0.0357666015625","0.0357666015625","0.0357666015625","56","56","56","0.041748046875","0.041748046875","0.041748046875","56","56","56","0.0400390625","0.0400390625","0.0400390625","56","56","56","0.047119140625","0.047119140625","0.047119140625","56","56","56","0.0394287109375","0.0394287109375","0.0394287109375","56","56","56","0.044677734375","0.044677734375","0.044677734375","56","56","56","0.0438232421875","0.0438232421875","0.0438232421875","56","56","56","0.052001953125","0.052001953125","0.052001953125"
"327680000","57","57","57","0.0408935546875","0.0408935546875","0.0408935546875","57","57","57","0.0445556640625","0.0445556640625","0.0445556640625","57","57","57","0.0416259765625","0.0416259765625","0.0416259765625","57","57","57","0.0413818359375","0.0413818359375","0.0413818359375","57","57","57","0.042236328125","0.042236328125","0.042236328125","57","57","57","0.0516357421875","0.0516357421875","0.0516357421875","57","57","57","0.0428466796875","0.0428466796875","0.0428466796875","57","57","57","0.0477294921875","0.0477294921875","0.0477294921875","57","57","57","0.0419921875","0.0419921875","0.0419921875","57","57","57","0.0517578125","0.0517578125","0.0517578125"
"344064000","60","60","60","0.03564453125","0.03564453125","0.03564453125","60","60","60","0.0447998046875","0.0447998046875","0.0447998046875","60","60","60","0.0379638671875","0.0379638671875","0.0379638671875","60","60","60","0.037841796875","0.037841796875","0.037841796875","60","60","60","0.044677734375","0.044677734375","0.044677734375","60","60","60","0.04833984375","0.04833984375","0.04833984375","60","60","60","0.0384521484375","0.0384521484375","0.0384521484375","60","60","60","0.0462646484375","0.0462646484375","0.0462646484375","60","60","60","0.0433349609375","0.0433349609375","0.0433349609375","60","60","60","0.047607421875","0.047607421875","0.047607421875"
"352256000","61","61","61","0.0401611328125","0.0401611328125","0.0401611328125","61","61","61","0.0411376953125","0.0411376953125","0.0411376953125","61","61","61","0.0352783203125","0.0352783203125","0.0352783203125","61","61","61","0.0391845703125","0.0391845703125","0.0391845703125","61","61","61","0.0382080078125","0.0382080078125","0.0382080078125","61","61","61","0.0498046875","0.0498046875","0.0498046875","61","61","61","0.0382080078125","0.0382080078125","0.0382080078125","61","61","61","0.044677734375","0.044677734375","0.044677734375","61","61","61","0.0386962890625","0.0386962890625","0.0386962890625","61","61","61","0.044677734375","0.044677734375","0.044677734375"
"360448000","63","63","63","0.0345458984375","0.0345458984375","0.0345458984375","63","63","63","0.0413818359375","0.0413818359375","0.0413818359375","63","63","63","0.0330810546875","0.0330810546875","0.0330810546875","63","63","63","0.0386962890625","0.0386962890625","0.0386962890625","63","63","63","0.036376953125","0.036376953125","0.036376953125","63","63","63","0.04345703125","0.04345703125","0.04345703125","63","63","63","0.0382080078125","0.0382080078125","0.0382080078125","63","63","63","0.0469970703125","0.0469970703125","0.0469970703125","63","63","63","0.0406494140625","0.0406494140625","0.0406494140625","63","63","63","0.04248046875","0.04248046875","0.04248046875"
"368640000","64","64","64","0.0364990234375","0.0364990234375","0.0364990234375","64","64","64","0.0401611328125","0.0401611328125","0.0401611328125","64","64","64","0.037841796875","0.037841796875","0.037841796875","64","64","64","0.040283203125","0.040283203125","0.040283203125","64","64","64","0.037841796875","0.037841796875","0.037841796875","64","64","64","0.0462646484375","0.0462646484375","0.0462646484375","64","64","64","0.0345458984375","0.0345458984375","0.0345458984375","64","64","64","0.040771484375","0.040771484375","0.040771484375","64","64","64","0.0380859375","0.0380859375","0.0380859375","64","64","64","0.0457763671875","0.0457763671875","0.0457763671875"
"385024000","67","67","67","0.0423583984375","0.0423583984375","0.0423583984375","67","67","67","0.0382080078125","0.0382080078125","0.0382080078125","67","67","67","0.041259765625","0.041259765625","0.041259765625","67","67","67","0.0418701171875","0.0418701171875","0.0418701171875","67","67","67","0.0328369140625","0.0328369140625","0.0328369140625","67","67","67","0.0443115234375","0.0443115234375","0.0443115234375","67","67","67","0.0391845703125","0.0391845703125","0.0391845703125","67","67","67","0.0406494140625","0.0406494140625","0.0406494140625","67","67","67","0.0418701171875","0.0418701171875","0.0418701171875","67","67","67","0.041015625","0.041015625","0.041015625"
"393216000","68","68","68","0.0382080078125","0.0382080078125","0.0382080078125","68","68","68","0.0396728515625","0.0396728515625","0.0396728515625","68","68","68","0.0330810546875","0.0330810546875","0.0330810546875","68","68","68","0.0384521484375","0.0384521484375","0.0384521484375","68","68","68","0.03857421875","0.03857421875","0.03857421875","68","68","68","0.0445556640625","0.0445556640625","0.0445556640625","68","68","68","0.0384521484375","0.0384521484375","0.0384521484375","68","68","68","0.0494384765625","0.0494384765625","0.0494384765625","68","68","68","0.042724609375","0.042724609375","0.042724609375","68","68","68","0.039306640625","0.039306640625","0.039306640625"
"401408000","70","70","70","0.039306640625","0.039306640625","0.039306640625","70","70","70","0.041259765625","0.041259765625","0.041259765625","70","70","70","0.03857421875","0.03857421875","0.03857421875","70","70","70","0.042724609375","0.042724609375","0.042724609375","70","70","70","0.0386962890625","0.0386962890625","0.0386962890625","70","70","70","0.0394287109375","0.0394287109375","0.0394287109375","70","70","70","0.033935546875","0.033935546875","0.033935546875","70","70","70","0.0428466796875","0.0428466796875","0.0428466796875","70","70","70","0.040771484375","0.040771484375","0.040771484375","70","70","70","0.0419921875","0.0419921875","0.0419921875"
"409600000","71","71","71","0.0435791015625","0.0435791015625","0.0435791015625","71","71","71","0.0367431640625","0.0367431640625","0.0367431640625","71","71","71","0.0328369140625","0.0328369140625","0.0328369140625","71","71","71","0.04052734375","0.04052734375","0.04052734375","71","71","71","0.03759765625","0.03759765625","0.03759765625","71","71","71","0.0465087890625","0.0465087890625","0.0465087890625","71","71","71","0.0357666015625","0.0357666015625","0.0357666015625","71","71","71","0.0478515625","0.0478515625","0.0478515625","71","71","71","0.03955078125","0.03955078125","0.03955078125","71","71","71","0.0401611328125","0.0401611328125","0.0401611328125"
"417792000","72","72","72","0.0386962890625","0.0386962890625","0.0386962890625","72","72","72","0.0394287109375","0.0394287109375","0.0394287109375","72","72","72","0.03271484375","0.03271484375","0.03271484375","72","72","72","0.04296875","0.04296875","0.04296875","72","72","72","0.0347900390625","0.0347900390625","0.0347900390625","72","72","72","0.0460205078125","0.0460205078125","0.0460205078125","72","72","72","0.0364990234375","0.0364990234375","0.0364990234375","72","72","72","0.044189453125","0.044189453125","0.044189453125","72","72","72","0.042236328125","0.042236328125","0.042236328125","72","72","72","0.043212890625","0.043212890625","0.043212890625"
"425984000","73","73","73","0.0350341796875","0.0350341796875","0.0350341796875","73","73","73","0.0355224609375","0.0355224609375","0.0355224609375","73","73","73","0.0355224609375","0.0355224609375","0.0355224609375","73","73","73","0.0362548828125","0.0362548828125","0.0362548828125","73","73","73","0.0352783203125","0.0352783203125","0.0352783203125","73","73","73","0.0426025390625","0.0426025390625","0.0426025390625","73","73","73","0.0377197265625","0.0377197265625","0.0377197265625","73","73","73","0.0400390625","0.0400390625","0.0400390625","73","73","73","0.0391845703125","0.0391845703125","0.0391845703125","73","73","73","0.039306640625","0.039306640625","0.039306640625"
"434176000","74","74","74","0.0390625","0.0390625","0.0390625","74","74","74","0.037841796875","0.037841796875","0.037841796875","74","74","74","0.0374755859375","0.0374755859375","0.0374755859375","74","74","74","0.0364990234375","0.0364990234375","0.0364990234375","74","74","74","0.0426025390625","0.0426025390625","0.0426025390625","74","74","74","0.0416259765625","0.0416259765625","0.0416259765625","74","74","74","0.0382080078125","0.0382080078125","0.0382080078125","74","74","74","0.04052734375","0.04052734375","0.04052734375","74","74","74","0.0394287109375","0.0394287109375","0.0394287109375","74","74","74","0.0401611328125","0.0401611328125","0.0401611328125"
"442368000","76","76","76","0.04248046875","0.04248046875","0.04248046875","76","76","76","0.0469970703125","0.0469970703125","0.0469970703125","76","76","76","0.0462646484375","0.0462646484375","0.0462646484375","76","76","76","0.045654296875","0.045654296875","0.045654296875","76","76","76","0.046630859375","0.046630859375","0.046630859375","76","76","76","0.05224609375","0.05224609375","0.05224609375","76","76","76","0.04345703125","0.04345703125","0.04345703125","76","76","76","0.0484619140625","0.0484619140625","0.0484619140625","76","76","76","0.0438232421875","0.0438232421875","0.0438232421875","76","76","76","0.0509033203125","0.0509033203125","0.0509033203125"
"450560000","77","77","77","0.03662109375","0.03662109375","0.03662109375","77","77","77","0.037353515625","0.037353515625","0.037353515625","77","77","77","0.0361328125","0.0361328125","0.0361328125","77","77","77","0.03955078125","0.03955078125","0.03955078125","77","77","77","0.0355224609375","0.0355224609375","0.0355224609375","77","77","77","0.0406494140625","0.0406494140625","0.0406494140625","77","77","77","0.04052734375","0.04052734375","0.04052734375","77","77","77","0.05029296875","0.05029296875","0.05029296875","77","77","77","0.0335693359375","0.0335693359375","0.0335693359375","77","77","77","0.0391845703125","0.0391845703125","0.0391845703125"
"458752000","78","78","78","0.04052734375","0.04052734375","0.04052734375","78","78","78","0.0377197265625","0.0377197265625","0.0377197265625","78","78","78","0.0308837890625","0.0308837890625","0.0308837890625","78","78","78","0.0350341796875","0.0350341796875","0.0350341796875","78","78","78","0.0325927734375","0.0325927734375","0.0325927734375","78","78","78","0.0413818359375","0.0413818359375","0.0413818359375","78","78","78","0.0294189453125","0.0294189453125","0.0294189453125","78","78","78","0.04052734375","0.04052734375","0.04052734375","78","78","78","0.04150390625","0.04150390625","0.04150390625","78","78","78","0.039794921875","0.039794921875","0.039794921875"
"466944000","80","80","80","0.036376953125","0.036376953125","0.036376953125","80","80","80","0.0345458984375","0.0345458984375","0.0345458984375","80","80","80","0.0374755859375","0.0374755859375","0.0374755859375","80","80","80","0.0364990234375","0.0364990234375","0.0364990234375","80","80","80","0.03076171875","0.03076171875","0.03076171875","80","80","80","0.04443359375","0.04443359375","0.04443359375","80","80","80","0.03271484375","0.03271484375","0.03271484375","80","80","80","0.0389404296875","0.0389404296875","0.0389404296875","80","80","80","0.0357666015625","0.0357666015625","0.0357666015625","80","80","80","0.0382080078125","0.0382080078125","0.0382080078125"
"475136000","81","81","81","0.038330078125","0.038330078125","0.038330078125","81","81","81","0.0340576171875","0.0340576171875","0.0340576171875","81","81","81","0.0369873046875","0.0369873046875","0.0369873046875","81","81","81","0.0360107421875","0.0360107421875","0.0360107421875","81","81","81","0.0357666015625","0.0357666015625","0.0357666015625","81","81","81","0.03662109375","0.03662109375","0.03662109375","81","81","81","0.0322265625","0.0322265625","0.0322265625","81","81","81","0.0341796875","0.0341796875","0.0341796875","81","81","81","0.0390625","0.0390625","0.0390625","81","81","81","0.0438232421875","0.0438232421875","0.0438232421875"
"483328000","83","83","83","0.0452880859375","0.0452880859375","0.0452880859375","83","83","83","0.044189453125","0.044189453125","0.044189453125","83","83","83","0.040771484375","0.040771484375","0.040771484375","83","83","83","0.04443359375","0.04443359375","0.04443359375","83","83","83","0.0406494140625","0.0406494140625","0.0406494140625","83","83","83","0.0455322265625","0.0455322265625","0.0455322265625","83","83","83","0.041015625","0.041015625","0.041015625","83","83","83","0.0435791015625","0.0435791015625","0.0435791015625","83","83","83","0.0457763671875","0.0457763671875","0.0457763671875","83","83","83","0.05126953125","0.05126953125","0.05126953125"
"491520000","84","84","84","0.0421142578125","0.0421142578125","0.0421142578125","84","84","84","0.033935546875","0.033935546875","0.033935546875","84","84","84","0.04052734375","0.04052734375","0.04052734375","84","84","84","0.0391845703125","0.0391845703125","0.0391845703125","84","84","84","0.03369140625","0.03369140625","0.03369140625","84","84","84","0.0390625","0.0390625","0.0390625","84","84","84","0.0377197265625","0.0377197265625","0.0377197265625","84","84","84","0.0408935546875","0.0408935546875","0.0408935546875","84","84","84","0.0391845703125","0.0391845703125","0.0391845703125","84","84","84","0.042236328125","0.042236328125","0.042236328125"
"499712000","85","85","85","0.047119140625","0.047119140625","0.047119140625","85","85","85","0.03564453125","0.03564453125","0.03564453125","85","85","85","0.0399169921875","0.0399169921875","0.0399169921875","85","85","85","0.043212890625","0.043212890625","0.043212890625","85","85","85","0.033447265625","0.033447265625","0.033447265625","85","85","85","0.0377197265625","0.0377197265625","0.0377197265625","85","85","85","0.034912109375","0.034912109375","0.034912109375","85","85","85","0.0411376953125","0.0411376953125","0.0411376953125","85","85","85","0.03857421875","0.03857421875","0.03857421875","85","85","85","0.042236328125","0.042236328125","0.042236328125"
"507904000","87","87","87","0.03759765625","0.03759765625","0.03759765625","87","87","87","0.03857421875","0.03857421875","0.03857421875","87","87","87","0.0294189453125","0.0294189453125","0.0294189453125","87","87","87","0.0335693359375","0.0335693359375","0.0335693359375","87","87","87","0.0369873046875","0.0369873046875","0.0369873046875","87","87","87","0.0440673828125","0.0440673828125","0.0440673828125","87","87","87","0.0355224609375","0.0355224609375","0.0355224609375","87","87","87","0.0380859375","0.0380859375","0.0380859375","87","87","87","0.040771484375","0.040771484375","0.040771484375","87","87","87","0.0379638671875","0.0379638671875","0.0379638671875"
"516096000","88","88","88","0.0400390625","0.0400390625","0.0400390625","88","88","88","0.037109375","0.037109375","0.037109375","88","88","88","0.0313720703125","0.0313720703125","0.0313720703125","88","88","88","0.04052734375","0.04052734375","0.04052734375","88","88","88","0.03369140625","0.03369140625","0.03369140625","88","88","88","0.043212890625","0.043212890625","0.043212890625","88","88","88","0.0330810546875","0.0330810546875","0.0330810546875","88","88","88","0.0433349609375","0.0433349609375","0.0433349609375","88","88","88","0.0374755859375","0.0374755859375","0.0374755859375","88","88","88","0.04150390625","0.04150390625","0.04150390625"
"532480000","91","91","91","0.03369140625","0.03369140625","0.03369140625","91","91","91","0.0328369140625","0.0328369140625","0.0328369140625","91","91","91","0.0341796875","0.0341796875","0.0341796875","91","91","91","0.03173828125","0.03173828125","0.03173828125","91","91","91","0.0361328125","0.0361328125","0.0361328125","91","91","91","0.0430908203125","0.0430908203125","0.0430908203125","91","91","91","0.0380859375","0.0380859375","0.0380859375","91","91","91","0.0452880859375","0.0452880859375","0.0452880859375","91","91","91","0.03662109375","0.03662109375","0.03662109375","91","91","91","0.040771484375","0.040771484375","0.040771484375"
"540672000","92","92","92","0.0323486328125","0.0323486328125","0.0323486328125","92","92","92","0.03857421875","0.03857421875","0.03857421875","92","92","92","0.0343017578125","0.0343017578125","0.0343017578125","92","92","92","0.032958984375","0.032958984375","0.032958984375","92","92","92","0.0340576171875","0.0340576171875","0.0340576171875","92","92","92","0.0428466796875","0.0428466796875","0.0428466796875","92","92","92","0.034912109375","0.034912109375","0.034912109375","92","92","92","0.0374755859375","0.0374755859375","0.0374755859375","92","92","92","0.0374755859375","0.0374755859375","0.0374755859375","92","92","92","0.0428466796875","0.0428466796875","0.0428466796875"
"548864000","94","94","94","0.0352783203125","0.0352783203125","0.0352783203125","94","94","94","0.03857421875","0.03857421875","0.03857421875","94","94","94","0.0379638671875","0.0379638671875","0.0379638671875","94","94","94","0.03564453125","0.03564453125","0.03564453125","94","94","94","0.035888671875","0.035888671875","0.035888671875","94","94","94","0.043701171875","0.043701171875","0.043701171875","94","94","94","0.0318603515625","0.0318603515625","0.0318603515625","94","94","94","0.0457763671875","0.0457763671875","0.0457763671875","94","94","94","0.034912109375","0.034912109375","0.034912109375","94","94","94","0.0394287109375","0.0394287109375","0.0394287109375"
"557056000","95","95","95","0.03466796875","0.03466796875","0.03466796875","95","95","95","0.0338134765625","0.0338134765625","0.0338134765625","95","95","95","0.0303955078125","0.0303955078125","0.0303955078125","95","95","95","0.039306640625","0.039306640625","0.039306640625","95","95","95","0.03271484375","0.03271484375","0.03271484375","95","95","95","0.043701171875","0.043701171875","0.043701171875","95","95","95","0.033447265625","0.033447265625","0.033447265625","95","95","95","0.0357666015625","0.0357666015625","0.0357666015625","95","95","95","0.03662109375","0.03662109375","0.03662109375","95","95","95","0.0377197265625","0.0377197265625","0.0377197265625"
"573440000","98","98","98","0.03857421875","0.03857421875","0.03857421875","98","98","98","0.03466796875","0.03466796875","0.03466796875","98","98","98","0.033447265625","0.033447265625","0.033447265625","98","98","98","0.0350341796875","0.0350341796875","0.0350341796875","98","98","98","0.03369140625","0.03369140625","0.03369140625","98","98","98","0.03759765625","0.03759765625","0.03759765625","98","98","98","0.0404052734375","0.0404052734375","0.0404052734375","98","98","98","0.0382080078125","0.0382080078125","0.0382080078125","98","98","98","0.040283203125","0.040283203125","0.040283203125","98","98","98","0.03857421875","0.03857421875","0.03857421875"
"581632000","102","102","102","0.035888671875","0.035888671875","0.035888671875","102","102","102","0.034423828125","0.034423828125","0.034423828125","102","102","102","0.0343017578125","0.0343017578125","0.0343017578125","102","102","102","0.0396728515625","0.0396728515625","0.0396728515625","102","102","102","0.0350341796875","0.0350341796875","0.0350341796875","102","102","102","0.035888671875","0.035888671875","0.035888671875","102","102","102","0.0380859375","0.0380859375","0.0380859375","102","102","102","0.0369873046875","0.0369873046875","0.0369873046875","102","102","102","0.0372314453125","0.0372314453125","0.0372314453125","102","102","102","0.0361328125","0.0361328125","0.0361328125"
"589824000","104","104","104","0.0374755859375","0.0374755859375","0.0374755859375","104","104","104","0.031982421875","0.031982421875","0.031982421875","104","104","104","0.034423828125","0.034423828125","0.034423828125","104","104","104","0.0367431640625","0.0367431640625","0.0367431640625","104","104","104","0.031005859375","0.031005859375","0.031005859375","104","104","104","0.03759765625","0.03759765625","0.03759765625","104","104","104","0.0361328125","0.0361328125","0.0361328125","104","104","104","0.0504150390625","0.0504150390625","0.0504150390625","104","104","104","0.0360107421875","0.0360107421875","0.0360107421875","104","104","104","0.0355224609375","0.0355224609375","0.0355224609375"
"598016000","105","105","105","0.034423828125","0.034423828125","0.034423828125","105","105","105","0.03369140625","0.03369140625","0.03369140625","105","105","105","0.0343017578125","0.0343017578125","0.0343017578125","105","105","105","0.037109375","0.037109375","0.037109375","105","105","105","0.037353515625","0.037353515625","0.037353515625","105","105","105","0.0364990234375","0.0364990234375","0.0364990234375","105","105","105","0.05908203125","0.05908203125","0.05908203125","105","105","105","0.0435791015625","0.0435791015625","0.0435791015625","105","105","105","0.0389404296875","0.0389404296875","0.0389404296875","105","105","105","0.0345458984375","0.0345458984375","0.0345458984375"
"614400000","108","108","108","0.03515625","0.03515625","0.03515625","108","108","108","0.031494140625","0.031494140625","0.031494140625","108","108","108","0.03515625","0.03515625","0.03515625","108","108","108","0.0335693359375","0.0335693359375","0.0335693359375","108","108","108","0.0343017578125","0.0343017578125","0.0343017578125","108","108","108","0.0389404296875","0.0389404296875","0.0389404296875","108","108","108","0.033935546875","0.033935546875","0.033935546875","108","108","108","0.0311279296875","0.0311279296875","0.0311279296875","108","108","108","0.0400390625","0.0400390625","0.0400390625","108","108","108","0.0379638671875","0.0379638671875","0.0379638671875"
"622592000","109","109","109","0.0340576171875","0.0340576171875","0.0340576171875","109","109","109","0.0333251953125","0.0333251953125","0.0333251953125","109","109","109","0.0328369140625","0.0328369140625","0.0328369140625","109","109","109","0.0357666015625","0.0357666015625","0.0357666015625","109","109","109","0.0343017578125","0.0343017578125","0.0343017578125","109","109","109","0.0391845703125","0.0391845703125","0.0391845703125","109","109","109","0.0364990234375","0.0364990234375","0.0364990234375","109","109","109","0.0438232421875","0.0438232421875","0.0438232421875","109","109","109","0.03662109375","0.03662109375","0.03662109375","109","109","109","0.0357666015625","0.0357666015625","0.0357666015625"
"630784000","111","111","111","0.045654296875","0.045654296875","0.045654296875","111","111","111","0.04248046875","0.04248046875","0.04248046875","111","111","111","0.0399169921875","0.0399169921875","0.0399169921875","111","111","111","0.0440673828125","0.0440673828125","0.0440673828125","111","111","111","0.0400390625","0.0400390625","0.0400390625","111","111","111","0.0462646484375","0.0462646484375","0.0462646484375","111","111","111","0.044921875","0.044921875","0.044921875","111","111","111","0.045166015625","0.045166015625","0.045166015625","111","111","111","0.0462646484375","0.0462646484375","0.0462646484375","111","111","111","0.04833984375","0.04833984375","0.04833984375"
"638976000","112","112","112","0.03515625","0.03515625","0.03515625","112","112","112","0.0347900390625","0.0347900390625","0.0347900390625","112","112","112","0.0313720703125","0.0313720703125","0.0313720703125","112","112","112","0.0362548828125","0.0362548828125","0.0362548828125","112","112","112","0.0338134765625","0.0338134765625","0.0338134765625","112","112","112","0.0408935546875","0.0408935546875","0.0408935546875","112","112","112","0.03271484375","0.03271484375","0.03271484375","112","112","112","0.0333251953125","0.0333251953125","0.0333251953125","112","112","112","0.035888671875","0.035888671875","0.035888671875","112","112","112","0.038818359375","0.038818359375","0.038818359375"
"647168000","113","113","113","0.0328369140625","0.0328369140625","0.0328369140625","113","113","113","0.0347900390625","0.0347900390625","0.0347900390625","113","113","113","0.03369140625","0.03369140625","0.03369140625","113","113","113","0.0318603515625","0.0318603515625","0.0318603515625","113","113","113","0.0335693359375","0.0335693359375","0.0335693359375","113","113","113","0.03955078125","0.03955078125","0.03955078125","113","113","113","0.0391845703125","0.0391845703125","0.0391845703125","113","113","113","0.0345458984375","0.0345458984375","0.0345458984375","113","113","113","0.0386962890625","0.0386962890625","0.0386962890625","113","113","113","0.0391845703125","0.0391845703125","0.0391845703125"
"655360000","115","115","115","0.03466796875","0.03466796875","0.03466796875","115","115","115","0.0372314453125","0.0372314453125","0.0372314453125","115","115","115","0.03369140625","0.03369140625","0.03369140625","115","115","115","0.0323486328125","0.0323486328125","0.0323486328125","115","115","115","0.0347900390625","0.0347900390625","0.0347900390625","115","115","115","0.0347900390625","0.0347900390625","0.0347900390625","115","115","115","0.03515625","0.03515625","0.03515625","115","115","115","0.0401611328125","0.0401611328125","0.0401611328125","115","115","115","0.0357666015625","0.0357666015625","0.0357666015625","115","115","115","0.0411376953125","0.0411376953125","0.0411376953125"
"663552000","116","116","116","0.0491943359375","0.0491943359375","0.0491943359375","116","116","116","0.0325927734375","0.0325927734375","0.0325927734375","116","116","116","0.0323486328125","0.0323486328125","0.0323486328125","116","116","116","0.040283203125","0.040283203125","0.040283203125","116","116","116","0.0316162109375","0.0316162109375","0.0316162109375","116","116","116","0.038818359375","0.038818359375","0.038818359375","116","116","116","0.031494140625","0.031494140625","0.031494140625","116","116","116","0.0367431640625","0.0367431640625","0.0367431640625","116","116","116","0.0352783203125","0.0352783203125","0.0352783203125","116","116","116","0.039306640625","0.039306640625","0.039306640625"
"671744000","118","118","118","0.0435791015625","0.0435791015625","0.0435791015625","118","118","118","0.0423583984375","0.0423583984375","0.0423583984375","118","118","118","0.0426025390625","0.0426025390625","0.0426025390625","118","118","118","0.040771484375","0.040771484375","0.040771484375","118","118","118","0.0394287109375","0.0394287109375","0.0394287109375","118","118","118","0.046142578125","0.046142578125","0.046142578125","118","118","118","0.0419921875","0.0419921875","0.0419921875","118","118","118","0.0438232421875","0.0438232421875","0.0438232421875","118","118","118","0.043701171875","0.043701171875","0.043701171875","118","118","118","0.04443359375","0.04443359375","0.04443359375"
"679936000","119","119","119","0.0340576171875","0.0340576171875","0.0340576171875","119","119","119","0.03173828125","0.03173828125","0.03173828125","119","119","119","0.035400390625","0.035400390625","0.035400390625","119","119","119","0.03515625","0.03515625","0.03515625","119","119","119","0.0322265625","0.0322265625","0.0322265625","119","119","119","0.0374755859375","0.0374755859375","0.0374755859375","119","119","119","0.030029296875","0.030029296875","0.030029296875","119","119","119","0.036865234375","0.036865234375","0.036865234375","119","119","119","0.040283203125","0.040283203125","0.040283203125","119","119","119","0.041015625","0.041015625","0.041015625"
"688128000","120","120","120","0.0318603515625","0.0318603515625","0.0318603515625","120","120","120","0.031494140625","0.031494140625","0.031494140625","120","120","120","0.0350341796875","0.0350341796875","0.0350341796875","120","120","120","0.0369873046875","0.0369873046875","0.0369873046875","120","120","120","0.033447265625","0.033447265625","0.033447265625","120","120","120","0.0379638671875","0.0379638671875","0.0379638671875","120","120","120","0.0360107421875","0.0360107421875","0.0360107421875","120","120","120","0.0364990234375","0.0364990234375","0.0364990234375","120","120","120","0.030517578125","0.030517578125","0.030517578125","120","120","120","0.03662109375","0.03662109375","0.03662109375"
"696320000","122","122","122","0.0382080078125","0.0382080078125","0.0382080078125","122","122","122","0.0386962890625","0.0386962890625","0.0386962890625","122","122","122","0.0291748046875","0.0291748046875","0.0291748046875","122","122","122","0.037841796875","0.037841796875","0.037841796875","122","122","122","0.0340576171875","0.0340576171875","0.0340576171875","122","122","122","0.038330078125","0.038330078125","0.038330078125","122","122","122","0.0374755859375","0.0374755859375","0.0374755859375","122","122","122","0.0382080078125","0.0382080078125","0.0382080078125","122","122","122","0.034423828125","0.034423828125","0.034423828125","122","122","122","0.0350341796875","0.0350341796875","0.0350341796875"
"704512000","123","123","123","0.034423828125","0.034423828125","0.034423828125","123","123","123","0.0299072265625","0.0299072265625","0.0299072265625","123","123","123","0.0343017578125","0.0343017578125","0.0343017578125","123","123","123","0.035888671875","0.035888671875","0.035888671875","123","123","123","0.02978515625","0.02978515625","0.02978515625","123","123","123","0.04052734375","0.04052734375","0.04052734375","123","123","123","0.0377197265625","0.0377197265625","0.0377197265625","123","123","123","0.0341796875","0.0341796875","0.0341796875","123","123","123","0.0362548828125","0.0362548828125","0.0362548828125","123","123","123","0.0345458984375","0.0345458984375","0.0345458984375"
"712704000","125","125","125","0.0396728515625","0.0396728515625","0.0396728515625","125","125","125","0.041748046875","0.041748046875","0.041748046875","125","125","125","0.0396728515625","0.0396728515625","0.0396728515625","125","125","125","0.0419921875","0.0419921875","0.0419921875","125","125","125","0.0416259765625","0.0416259765625","0.0416259765625","125","125","125","0.0435791015625","0.0435791015625","0.0435791015625","125","125","125","0.0430908203125","0.0430908203125","0.0430908203125","125","125","125","0.042236328125","0.042236328125","0.042236328125","125","125","125","0.0423583984375","0.0423583984375","0.0423583984375","125","125","125","0.0399169921875","0.0399169921875","0.0399169921875"
"720896000","126","126","126","0.03662109375","0.03662109375","0.03662109375","126","126","126","0.030517578125","0.030517578125","0.030517578125","126","126","126","0.0330810546875","0.0330810546875","0.0330810546875","126","126","126","0.0377197265625","0.0377197265625","0.0377197265625","126","126","126","0.031494140625","0.031494140625","0.031494140625","126","126","126","0.03515625","0.03515625","0.03515625","126","126","126","0.038818359375","0.038818359375","0.038818359375","126","126","126","0.0374755859375","0.0374755859375","0.0374755859375","126","126","126","0.0330810546875","0.0330810546875","0.0330810546875","126","126","126","0.0343017578125","0.0343017578125","0.0343017578125"
"729088000","127","127","127","0.0614013671875","0.0614013671875","0.0614013671875","127","127","127","0.03369140625","0.03369140625","0.03369140625","127","127","127","0.03076171875","0.03076171875","0.03076171875","127","127","127","0.0401611328125","0.0401611328125","0.0401611328125","127","127","127","0.033935546875","0.033935546875","0.033935546875","127","127","127","0.036865234375","0.036865234375","0.036865234375","127","127","127","0.036376953125","0.036376953125","0.036376953125","127","127","127","0.035888671875","0.035888671875","0.035888671875","127","127","127","0.0362548828125","0.0362548828125","0.0362548828125","127","127","127","0.036376953125","0.036376953125","0.036376953125"
"737280000","129","129","129","0.0308837890625","0.0308837890625","0.0308837890625","129","129","129","0.0333251953125","0.0333251953125","0.0333251953125","129","129","129","0.036865234375","0.036865234375","0.036865234375","129","129","129","0.031982421875","0.031982421875","0.031982421875","129","129","129","0.028564453125","0.028564453125","0.028564453125","129","129","129","0.0355224609375","0.0355224609375","0.0355224609375","129","129","129","0.0340576171875","0.0340576171875","0.0340576171875","129","129","129","0.032470703125","0.032470703125","0.032470703125","129","129","129","0.037353515625","0.037353515625","0.037353515625","129","129","129","0.0380859375","0.0380859375","0.0380859375"
"745472000","130","130","130","0.036376953125","0.036376953125","0.036376953125","130","130","130","0.0313720703125","0.0313720703125","0.0313720703125","130","130","130","0.0367431640625","0.0367431640625","0.0367431640625","130","130","130","0.0341796875","0.0341796875","0.0341796875","130","130","130","0.0308837890625","0.0308837890625","0.0308837890625","130","130","130","0.036865234375","0.036865234375","0.036865234375","130","130","130","0.032958984375","0.032958984375","0.032958984375","130","130","130","0.0311279296875","0.0311279296875","0.0311279296875","130","130","130","0.037841796875","0.037841796875","0.037841796875","130","130","130","0.0364990234375","0.0364990234375","0.0364990234375"
"761856000","133","133","133","0.034912109375","0.034912109375","0.034912109375","133","133","133","0.02978515625","0.02978515625","0.02978515625","133","133","133","0.038818359375","0.038818359375","0.038818359375","133","133","133","0.033203125","0.033203125","0.033203125","133","133","133","0.031982421875","0.031982421875","0.031982421875","133","133","133","0.037109375","0.037109375","0.037109375","133","133","133","0.033935546875","0.033935546875","0.033935546875","133","133","133","0.0303955078125","0.0303955078125","0.0303955078125","133","133","133","0.033935546875","0.033935546875","0.033935546875","133","133","133","0.0355224609375","0.0355224609375","0.0355224609375"
"770048000","134","134","134","0.03173828125","0.03173828125","0.03173828125","134","134","134","0.0284423828125","0.0284423828125","0.0284423828125","134","134","134","0.0333251953125","0.0333251953125","0.0333251953125","134","134","134","0.034912109375","0.034912109375","0.034912109375","134","134","134","0.03076171875","0.03076171875","0.03076171875","134","134","134","0.0343017578125","0.0343017578125","0.0343017578125","134","134","134","0.0322265625","0.0322265625","0.0322265625","134","134","134","0.037353515625","0.037353515625","0.037353515625","134","134","134","0.03369140625","0.03369140625","0.03369140625","134","134","134","0.036865234375","0.036865234375","0.036865234375"
"778240000","136","136","136","0.0325927734375","0.0325927734375","0.0325927734375","136","136","136","0.033935546875","0.033935546875","0.033935546875","136","136","136","0.0377197265625","0.0377197265625","0.0377197265625","136","136","136","0.036376953125","0.036376953125","0.036376953125","136","136","136","0.031494140625","0.031494140625","0.031494140625","136","136","136","0.029296875","0.029296875","0.029296875","136","136","136","0.0362548828125","0.0362548828125","0.0362548828125","136","136","136","0.0328369140625","0.0328369140625","0.0328369140625","136","136","136","0.037353515625","0.037353515625","0.037353515625","136","136","136","0.031005859375","0.031005859375","0.031005859375"
"786432000","137","137","137","0.0350341796875","0.0350341796875","0.0350341796875","137","137","137","0.034912109375","0.034912109375","0.034912109375","137","137","137","0.033203125","0.033203125","0.033203125","137","137","137","0.03466796875","0.03466796875","0.03466796875","137","137","137","0.030029296875","0.030029296875","0.030029296875","137","137","137","0.0404052734375","0.0404052734375","0.0404052734375","137","137","137","0.03466796875","0.03466796875","0.03466796875","137","137","137","0.04296875","0.04296875","0.04296875","137","137","137","0.0369873046875","0.0369873046875","0.0369873046875","137","137","137","0.0350341796875","0.0350341796875","0.0350341796875"
"802816000","140","140","140","0.0316162109375","0.0316162109375","0.0316162109375","140","140","140","0.032958984375","0.032958984375","0.032958984375","140","140","140","0.0352783203125","0.0352783203125","0.0352783203125","140","140","140","0.03662109375","0.03662109375","0.03662109375","140","140","140","0.0318603515625","0.0318603515625","0.0318603515625","140","140","140","0.0355224609375","0.0355224609375","0.0355224609375","140","140","140","0.0308837890625","0.0308837890625","0.0308837890625","140","140","140","0.033447265625","0.033447265625","0.033447265625","140","140","140","0.0367431640625","0.0367431640625","0.0367431640625","140","140","140","0.034912109375","0.034912109375","0.034912109375"
"811008000","141","141","141","0.030517578125","0.030517578125","0.030517578125","141","141","141","0.034423828125","0.034423828125","0.034423828125","141","141","141","0.03173828125","0.03173828125","0.03173828125","141","141","141","0.03515625","0.03515625","0.03515625","141","141","141","0.03125","0.03125","0.03125","141","141","141","0.0382080078125","0.0382080078125","0.0382080078125","141","141","141","0.033447265625","0.033447265625","0.033447265625","141","141","141","0.031982421875","0.031982421875","0.031982421875","141","141","141","0.0372314453125","0.0372314453125","0.0372314453125","141","141","141","0.0325927734375","0.0325927734375","0.0325927734375"
"819200000","143","143","143","0.0335693359375","0.0335693359375","0.0335693359375","143","143","143","0.0311279296875","0.0311279296875","0.0311279296875","143","143","143","0.032958984375","0.032958984375","0.032958984375","143","143","143","0.036376953125","0.036376953125","0.036376953125","143","143","143","0.0296630859375","0.0296630859375","0.0296630859375","143","143","143","0.0335693359375","0.0335693359375","0.0335693359375","143","143","143","0.03759765625","0.03759765625","0.03759765625","143","143","143","0.046142578125","0.046142578125","0.046142578125","143","143","143","0.0322265625","0.0322265625","0.0322265625","143","143","143","0.0357666015625","0.0357666015625","0.0357666015625"
"827392000","144","144","144","0.0343017578125","0.0343017578125","0.0343017578125","144","144","144","0.0333251953125","0.0333251953125","0.0333251953125","144","144","144","0.037841796875","0.037841796875","0.037841796875","144","144","144","0.03125","0.03125","0.03125","144","144","144","0.0345458984375","0.0345458984375","0.0345458984375","144","144","144","0.034423828125","0.034423828125","0.034423828125","144","144","144","0.0328369140625","0.0328369140625","0.0328369140625","144","144","144","0.0347900390625","0.0347900390625","0.0347900390625","144","144","144","0.03466796875","0.03466796875","0.03466796875","144","144","144","0.0362548828125","0.0362548828125","0.0362548828125"
"835584000","145","145","145","0.0323486328125","0.0323486328125","0.0323486328125","145","145","145","0.0318603515625","0.0318603515625","0.0318603515625","145","145","145","0.0350341796875","0.0350341796875","0.0350341796875","145","145","145","0.03564453125","0.03564453125","0.03564453125","145","145","145","0.029541015625","0.029541015625","0.029541015625","145","145","145","0.0321044921875","0.0321044921875","0.0321044921875","145","145","145","0.0347900390625","0.0347900390625","0.0347900390625","145","145","145","0.032470703125","0.032470703125","0.032470703125","145","145","145","0.0338134765625","0.0338134765625","0.0338134765625","145","145","145","0.0328369140625","0.0328369140625","0.0328369140625"
"843776000","146","146","146","0.0299072265625","0.0299072265625","0.0299072265625","146","146","146","0.03173828125","0.03173828125","0.03173828125","146","146","146","0.0316162109375","0.0316162109375","0.0316162109375","146","146","146","0.036865234375","0.036865234375","0.036865234375","146","146","146","0.03076171875","0.03076171875","0.03076171875","146","146","146","0.0390625","0.0390625","0.0390625","146","146","146","0.03369140625","0.03369140625","0.03369140625","146","146","146","0.044921875","0.044921875","0.044921875","146","146","146","0.0308837890625","0.0308837890625","0.0308837890625","146","146","146","0.0386962890625","0.0386962890625","0.0386962890625"
"851968000","147","147","147","0.034912109375","0.034912109375","0.034912109375","147","147","147","0.029541015625","0.029541015625","0.029541015625","147","147","147","0.0316162109375","0.0316162109375","0.0316162109375","147","147","147","0.033447265625","0.033447265625","0.033447265625","147","147","147","0.033447265625","0.033447265625","0.033447265625","147","147","147","0.0325927734375","0.0325927734375","0.0325927734375","147","147","147","0.0361328125","0.0361328125","0.0361328125","147","147","147","0.0379638671875","0.0379638671875","0.0379638671875","147","147","147","0.0323486328125","0.0323486328125","0.0323486328125","147","147","147","0.034912109375","0.034912109375","0.034912109375"
"860160000","149","149","149","0.0423583984375","0.0423583984375","0.0423583984375","149","149","149","0.037841796875","0.037841796875","0.037841796875","149","149","149","0.040771484375","0.040771484375","0.040771484375","149","149","149","0.041259765625","0.041259765625","0.041259765625","149","149","149","0.036865234375","0.036865234375","0.036865234375","149","149","149","0.0447998046875","0.0447998046875","0.0447998046875","149","149","149","0.0462646484375","0.0462646484375","0.0462646484375","149","149","149","0.0421142578125","0.0421142578125","0.0421142578125","149","149","149","0.0404052734375","0.0404052734375","0.0404052734375","149","149","149","0.041015625","0.041015625","0.041015625"
"868352000","150","150","150","0.0350341796875","0.0350341796875","0.0350341796875","150","150","150","0.0343017578125","0.0343017578125","0.0343017578125","150","150","150","0.0299072265625","0.0299072265625","0.0299072265625","150","150","150","0.0352783203125","0.0352783203125","0.0352783203125","150","150","150","0.0316162109375","0.0316162109375","0.0316162109375","150","150","150","0.038818359375","0.038818359375","0.038818359375","150","150","150","0.032470703125","0.032470703125","0.032470703125","150","150","150","0.0341796875","0.0341796875","0.0341796875","150","150","150","0.0328369140625","0.0328369140625","0.0328369140625","150","150","150","0.0343017578125","0.0343017578125","0.0343017578125"
"876544000","151","151","151","0.0308837890625","0.0308837890625","0.0308837890625","151","151","151","0.029052734375","0.029052734375","0.029052734375","151","151","151","0.036865234375","0.036865234375","0.036865234375","151","151","151","0.0338134765625","0.0338134765625","0.0338134765625","151","151","151","0.0341796875","0.0341796875","0.0341796875","151","151","151","0.03759765625","0.03759765625","0.03759765625","151","151","151","0.033447265625","0.033447265625","0.033447265625","151","151","151","0.033203125","0.033203125","0.033203125","151","151","151","0.0299072265625","0.0299072265625","0.0299072265625","151","151","151","0.032958984375","0.032958984375","0.032958984375"
"884736000","153","153","153","0.0299072265625","0.0299072265625","0.0299072265625","153","153","153","0.02880859375","0.02880859375","0.02880859375","153","153","153","0.0335693359375","0.0335693359375","0.0335693359375","153","153","153","0.03662109375","0.03662109375","0.03662109375","153","153","153","0.0343017578125","0.0343017578125","0.0343017578125","153","153","153","0.0384521484375","0.0384521484375","0.0384521484375","153","153","153","0.033447265625","0.033447265625","0.033447265625","153","153","153","0.0380859375","0.0380859375","0.0380859375","153","153","153","0.0289306640625","0.0289306640625","0.0289306640625","153","153","153","0.0350341796875","0.0350341796875","0.0350341796875"
"892928000","154","154","154","0.0350341796875","0.0350341796875","0.0350341796875","154","154","154","0.0347900390625","0.0347900390625","0.0347900390625","154","154","154","0.0350341796875","0.0350341796875","0.0350341796875","154","154","154","0.0316162109375","0.0316162109375","0.0316162109375","154","154","154","0.0322265625","0.0322265625","0.0322265625","154","154","154","0.0360107421875","0.0360107421875","0.0360107421875","154","154","154","0.0341796875","0.0341796875","0.0341796875","154","154","154","0.0330810546875","0.0330810546875","0.0330810546875","154","154","154","0.0323486328125","0.0323486328125","0.0323486328125","154","154","154","0.0350341796875","0.0350341796875","0.0350341796875"
"901120000","156","156","156","0.037353515625","0.037353515625","0.037353515625","156","156","156","0.0438232421875","0.0438232421875","0.0438232421875","156","156","156","0.0369873046875","0.0369873046875","0.0369873046875","156","156","156","0.0386962890625","0.0386962890625","0.0386962890625","156","156","156","0.038330078125","0.038330078125","0.038330078125","156","156","156","0.040283203125","0.040283203125","0.040283203125","156","156","156","0.0384521484375","0.0384521484375","0.0384521484375","156","156","156","0.03857421875","0.03857421875","0.03857421875","156","156","156","0.0400390625","0.0400390625","0.0400390625","156","156","156","0.043212890625","0.043212890625","0.043212890625"
"909312000","157","157","157","0.0333251953125","0.0333251953125","0.0333251953125","157","157","157","0.031982421875","0.031982421875","0.031982421875","157","157","157","0.0343017578125","0.0343017578125","0.0343017578125","157","157","157","0.0328369140625","0.0328369140625","0.0328369140625","157","157","157","0.0291748046875","0.0291748046875","0.0291748046875","157","157","157","0.03857421875","0.03857421875","0.03857421875","157","157","157","0.0330810546875","0.0330810546875","0.0330810546875","157","157","157","0.028564453125","0.028564453125","0.028564453125","157","157","157","0.0347900390625","0.0347900390625","0.0347900390625","157","157","157","0.032958984375","0.032958984375","0.032958984375"
"917504000","158","158","158","0.034912109375","0.034912109375","0.034912109375","158","158","158","0.03173828125","0.03173828125","0.03173828125","158","158","158","0.0335693359375","0.0335693359375","0.0335693359375","158","158","158","0.0306396484375","0.0306396484375","0.0306396484375","158","158","158","0.031005859375","0.031005859375","0.031005859375","158","158","158","0.0338134765625","0.0338134765625","0.0338134765625","158","158","158","0.0345458984375","0.0345458984375","0.0345458984375","158","158","158","0.0325927734375","0.0325927734375","0.0325927734375","158","158","158","0.0318603515625","0.0318603515625","0.0318603515625","158","158","158","0.0328369140625","0.0328369140625","0.0328369140625"
"925696000","160","160","160","0.0281982421875","0.0281982421875","0.0281982421875","160","160","160","0.0325927734375","0.0325927734375","0.0325927734375","160","160","160","0.036865234375","0.036865234375","0.036865234375","160","160","160","0.0341796875","0.0341796875","0.0341796875","160","160","160","0.031494140625","0.031494140625","0.031494140625","160","160","160","0.0367431640625","0.0367431640625","0.0367431640625","160","160","160","0.0345458984375","0.0345458984375","0.0345458984375","160","160","160","0.0374755859375","0.0374755859375","0.0374755859375","160","160","160","0.0330810546875","0.0330810546875","0.0330810546875","160","160","160","0.0311279296875","0.0311279296875","0.0311279296875"
"933888000","161","161","161","0.0345458984375","0.0345458984375","0.0345458984375","161","161","161","0.0322265625","0.0322265625","0.0322265625","161","161","161","0.0322265625","0.0322265625","0.0322265625","161","161","161","0.030517578125","0.030517578125","0.030517578125","161","161","161","0.031005859375","0.031005859375","0.031005859375","161","161","161","0.041015625","0.041015625","0.041015625","161","161","161","0.03515625","0.03515625","0.03515625","161","161","161","0.0462646484375","0.0462646484375","0.0462646484375","161","161","161","0.0322265625","0.0322265625","0.0322265625","161","161","161","0.0311279296875","0.0311279296875","0.0311279296875"
"950272000","164","164","164","0.0277099609375","0.0277099609375","0.0277099609375","164","164","164","0.034912109375","0.034912109375","0.034912109375","164","164","164","0.0311279296875","0.0311279296875","0.0311279296875","164","164","164","0.0362548828125","0.0362548828125","0.0362548828125","164","164","164","0.0286865234375","0.0286865234375","0.0286865234375","164","164","164","0.0345458984375","0.0345458984375","0.0345458984375","164","164","164","0.0289306640625","0.0289306640625","0.0289306640625","164","164","164","0.0335693359375","0.0335693359375","0.0335693359375","164","164","164","0.0311279296875","0.0311279296875","0.0311279296875","164","164","164","0.0333251953125","0.0333251953125","0.0333251953125"
"958464000","165","165","165","0.0303955078125","0.0303955078125","0.0303955078125","165","165","165","0.0328369140625","0.0328369140625","0.0328369140625","165","165","165","0.03369140625","0.03369140625","0.03369140625","165","165","165","0.0311279296875","0.0311279296875","0.0311279296875","165","165","165","0.0325927734375","0.0325927734375","0.0325927734375","165","165","165","0.0335693359375","0.0335693359375","0.0335693359375","165","165","165","0.0364990234375","0.0364990234375","0.0364990234375","165","165","165","0.033203125","0.033203125","0.033203125","165","165","165","0.03076171875","0.03076171875","0.03076171875","165","165","165","0.034423828125","0.034423828125","0.034423828125"
"966656000","167","167","167","0.0322265625","0.0322265625","0.0322265625","167","167","167","0.03857421875","0.03857421875","0.03857421875","167","167","167","0.03466796875","0.03466796875","0.03466796875","167","167","167","0.0357666015625","0.0357666015625","0.0357666015625","167","167","167","0.0306396484375","0.0306396484375","0.0306396484375","167","167","167","0.035888671875","0.035888671875","0.035888671875","167","167","167","0.0308837890625","0.0308837890625","0.0308837890625","167","167","167","0.0318603515625","0.0318603515625","0.0318603515625","167","167","167","0.0301513671875","0.0301513671875","0.0301513671875","167","167","167","0.0318603515625","0.0318603515625","0.0318603515625"
"974848000","168","168","168","0.0311279296875","0.0311279296875","0.0311279296875","168","168","168","0.0335693359375","0.0335693359375","0.0335693359375","168","168","168","0.0556640625","0.0556640625","0.0556640625","168","168","168","0.034423828125","0.034423828125","0.034423828125","168","168","168","0.0321044921875","0.0321044921875","0.0321044921875","168","168","168","0.03076171875","0.03076171875","0.03076171875","168","168","168","0.0316162109375","0.0316162109375","0.0316162109375","168","168","168","0.032470703125","0.032470703125","0.032470703125","168","168","168","0.03125","0.03125","0.03125","168","168","168","0.034423828125","0.034423828125","0.034423828125"
"991232000","171","171","171","0.0306396484375","0.0306396484375","0.0306396484375","171","171","171","0.0306396484375","0.0306396484375","0.0306396484375","171","171","171","0.0306396484375","0.0306396484375","0.0306396484375","171","171","171","0.0321044921875","0.0321044921875","0.0321044921875","171","171","171","0.0286865234375","0.0286865234375","0.0286865234375","171","171","171","0.035888671875","0.035888671875","0.035888671875","171","171","171","0.03125","0.03125","0.03125","171","171","171","0.0361328125","0.0361328125","0.0361328125","171","171","171","0.031005859375","0.031005859375","0.031005859375","171","171","171","0.0322265625","0.0322265625","0.0322265625"
"999424000","172","172","172","0.03076171875","0.03076171875","0.03076171875","172","172","172","0.0361328125","0.0361328125","0.0361328125","172","172","172","0.0361328125","0.0361328125","0.0361328125","172","172","172","0.033447265625","0.033447265625","0.033447265625","172","172","172","0.033203125","0.033203125","0.033203125","172","172","172","0.0369873046875","0.0369873046875","0.0369873046875","172","172","172","0.03369140625","0.03369140625","0.03369140625","172","172","172","0.035400390625","0.035400390625","0.035400390625","172","172","172","0.03125","0.03125","0.03125","172","172","172","0.0321044921875","0.0321044921875","0.0321044921875"
"1007616000","174","174","174","0.0308837890625","0.0308837890625","0.0308837890625","174","174","174","0.032470703125","0.032470703125","0.032470703125","174","174","174","0.030029296875","0.030029296875","0.030029296875","174","174","174","0.0313720703125","0.0313720703125","0.0313720703125","174","174","174","0.0316162109375","0.0316162109375","0.0316162109375","174","174","174","0.034423828125","0.034423828125","0.034423828125","174","174","174","0.03466796875","0.03466796875","0.03466796875","174","174","174","0.0340576171875","0.0340576171875","0.0340576171875","174","174","174","0.032470703125","0.032470703125","0.032470703125","174","174","174","0.030517578125","0.030517578125","0.030517578125"